"VM","Metric","Value","Unit","Timestamp","Date","Time"
"VSA-Apollo1","cpu.usage.average","13.51","%","30.11.25 23:30:00","2025-11-30","23:30"
"VSA-Apollo1","cpu.usage.average","21.04","%","30.11.25 23:00:00","2025-11-30","23:00"
"VSA-Apollo1","cpu.usage.average","11.25","%","30.11.25 22:30:00","2025-11-30","22:30"
"VSA-Apollo1","cpu.usage.average","17.45","%","30.11.25 22:00:00","2025-11-30","22:00"
"VSA-Apollo1","cpu.usage.average","15.08","%","30.11.25 21:30:00","2025-11-30","21:30"
"VSA-Apollo1","cpu.usage.average","16.23","%","30.11.25 21:00:00","2025-11-30","21:00"
"VSA-Apollo1","cpu.usage.average","16.99","%","30.11.25 20:30:00","2025-11-30","20:30"
"VSA-Apollo1","cpu.usage.average","16.45","%","30.11.25 20:00:00","2025-11-30","20:00"
"VSA-Apollo1","cpu.usage.average","17.01","%","30.11.25 19:30:00","2025-11-30","19:30"
"VSA-Apollo1","cpu.usage.average","16.26","%","30.11.25 19:00:00","2025-11-30","19:00"
"VSA-Apollo1","cpu.usage.average","32.32","%","30.11.25 18:30:00","2025-11-30","18:30"
"VSA-Apollo1","cpu.usage.average","37.54","%","30.11.25 18:00:00","2025-11-30","18:00"
"VSA-Apollo1","cpu.usage.average","49.13","%","30.11.25 17:30:00","2025-11-30","17:30"
"VSA-Apollo1","cpu.usage.average","49.92","%","30.11.25 17:00:00","2025-11-30","17:00"
"VSA-Apollo1","cpu.usage.average","45.3","%","30.11.25 16:30:00","2025-11-30","16:30"
"VSA-Apollo1","cpu.usage.average","40.56","%","30.11.25 16:00:00","2025-11-30","16:00"
"VSA-Apollo1","cpu.usage.average","40.66","%","30.11.25 15:30:00","2025-11-30","15:30"
"VSA-Apollo1","cpu.usage.average","39.61","%","30.11.25 15:00:00","2025-11-30","15:00"
"VSA-Apollo1","cpu.usage.average","37.57","%","30.11.25 14:30:00","2025-11-30","14:30"
"VSA-Apollo1","cpu.usage.average","39.89","%","30.11.25 14:00:00","2025-11-30","14:00"
"VSA-Apollo1","cpu.usage.average","46.01","%","30.11.25 13:30:00","2025-11-30","13:30"
"VSA-Apollo1","cpu.usage.average","57.17","%","30.11.25 13:00:00","2025-11-30","13:00"
"VSA-Apollo1","cpu.usage.average","57.6","%","30.11.25 12:30:00","2025-11-30","12:30"
"VSA-Apollo1","cpu.usage.average","54.74","%","30.11.25 12:00:00","2025-11-30","12:00"
"VSA-Apollo1","cpu.usage.average","53.01","%","30.11.25 11:30:00","2025-11-30","11:30"
"VSA-Apollo1","cpu.usage.average","49.85","%","30.11.25 11:00:00","2025-11-30","11:00"
"VSA-Apollo1","cpu.usage.average","54.98","%","30.11.25 10:30:00","2025-11-30","10:30"
"VSA-Apollo1","cpu.usage.average","64.49","%","30.11.25 10:00:00","2025-11-30","10:00"
"VSA-Apollo1","cpu.usage.average","44.69","%","30.11.25 09:30:00","2025-11-30","09:30"
"VSA-Apollo1","cpu.usage.average","23.53","%","30.11.25 09:00:00","2025-11-30","09:00"
"VSA-Apollo1","cpu.usage.average","26.16","%","30.11.25 08:30:00","2025-11-30","08:30"
"VSA-Apollo1","cpu.usage.average","24.52","%","30.11.25 08:00:00","2025-11-30","08:00"
"VSA-Apollo1","cpu.usage.average","15.49","%","30.11.25 07:30:00","2025-11-30","07:30"
"VSA-Apollo1","cpu.usage.average","13.59","%","30.11.25 07:00:00","2025-11-30","07:00"
"VSA-Apollo1","cpu.usage.average","11.07","%","30.11.25 06:30:00","2025-11-30","06:30"
"VSA-Apollo1","cpu.usage.average","11.65","%","30.11.25 06:00:00","2025-11-30","06:00"
"VSA-Apollo1","cpu.usage.average","12.23","%","30.11.25 05:30:00","2025-11-30","05:30"
"VSA-Apollo1","cpu.usage.average","14.61","%","30.11.25 05:00:00","2025-11-30","05:00"
"VSA-Apollo1","cpu.usage.average","13.6","%","30.11.25 04:30:00","2025-11-30","04:30"
"VSA-Apollo1","cpu.usage.average","21.63","%","30.11.25 04:00:00","2025-11-30","04:00"
"VSA-Apollo1","cpu.usage.average","34.36","%","30.11.25 03:30:00","2025-11-30","03:30"
"VSA-Apollo1","cpu.usage.average","27.45","%","30.11.25 03:00:00","2025-11-30","03:00"
"VSA-Apollo1","cpu.usage.average","12.59","%","30.11.25 02:30:00","2025-11-30","02:30"
"VSA-Apollo1","cpu.usage.average","11.33","%","30.11.25 02:00:00","2025-11-30","02:00"
"VSA-Apollo1","cpu.usage.average","11.3","%","30.11.25 01:30:00","2025-11-30","01:30"
"VSA-Apollo1","cpu.usage.average","33.59","%","30.11.25 01:00:00","2025-11-30","01:00"
"VSA-Apollo1","cpu.usage.average","44.41","%","30.11.25 00:30:00","2025-11-30","00:30"
"VSA-Apollo1","cpu.usage.average","45.81","%","30.11.25 00:00:00","2025-11-30","00:00"
"VSA-Apollo1","cpu.usagemhz.average","6796","MHz","30.11.25 23:30:00","2025-11-30","23:30"
"VSA-Apollo1","cpu.usagemhz.average","10581","MHz","30.11.25 23:00:00","2025-11-30","23:00"
"VSA-Apollo1","cpu.usagemhz.average","5658","MHz","30.11.25 22:30:00","2025-11-30","22:30"
"VSA-Apollo1","cpu.usagemhz.average","8777","MHz","30.11.25 22:00:00","2025-11-30","22:00"
"VSA-Apollo1","cpu.usagemhz.average","7585","MHz","30.11.25 21:30:00","2025-11-30","21:30"
"VSA-Apollo1","cpu.usagemhz.average","8164","MHz","30.11.25 21:00:00","2025-11-30","21:00"
"VSA-Apollo1","cpu.usagemhz.average","8545","MHz","30.11.25 20:30:00","2025-11-30","20:30"
"VSA-Apollo1","cpu.usagemhz.average","8273","MHz","30.11.25 20:00:00","2025-11-30","20:00"
"VSA-Apollo1","cpu.usagemhz.average","8558","MHz","30.11.25 19:30:00","2025-11-30","19:30"
"VSA-Apollo1","cpu.usagemhz.average","8182","MHz","30.11.25 19:00:00","2025-11-30","19:00"
"VSA-Apollo1","cpu.usagemhz.average","16252","MHz","30.11.25 18:30:00","2025-11-30","18:30"
"VSA-Apollo1","cpu.usagemhz.average","18880","MHz","30.11.25 18:00:00","2025-11-30","18:00"
"VSA-Apollo1","cpu.usagemhz.average","24708","MHz","30.11.25 17:30:00","2025-11-30","17:30"
"VSA-Apollo1","cpu.usagemhz.average","25104","MHz","30.11.25 17:00:00","2025-11-30","17:00"
"VSA-Apollo1","cpu.usagemhz.average","22783","MHz","30.11.25 16:30:00","2025-11-30","16:30"
"VSA-Apollo1","cpu.usagemhz.average","20398","MHz","30.11.25 16:00:00","2025-11-30","16:00"
"VSA-Apollo1","cpu.usagemhz.average","20449","MHz","30.11.25 15:30:00","2025-11-30","15:30"
"VSA-Apollo1","cpu.usagemhz.average","19923","MHz","30.11.25 15:00:00","2025-11-30","15:00"
"VSA-Apollo1","cpu.usagemhz.average","18895","MHz","30.11.25 14:30:00","2025-11-30","14:30"
"VSA-Apollo1","cpu.usagemhz.average","20063","MHz","30.11.25 14:00:00","2025-11-30","14:00"
"VSA-Apollo1","cpu.usagemhz.average","23138","MHz","30.11.25 13:30:00","2025-11-30","13:30"
"VSA-Apollo1","cpu.usagemhz.average","28748","MHz","30.11.25 13:00:00","2025-11-30","13:00"
"VSA-Apollo1","cpu.usagemhz.average","28966","MHz","30.11.25 12:30:00","2025-11-30","12:30"
"VSA-Apollo1","cpu.usagemhz.average","27529","MHz","30.11.25 12:00:00","2025-11-30","12:00"
"VSA-Apollo1","cpu.usagemhz.average","26660","MHz","30.11.25 11:30:00","2025-11-30","11:30"
"VSA-Apollo1","cpu.usagemhz.average","25072","MHz","30.11.25 11:00:00","2025-11-30","11:00"
"VSA-Apollo1","cpu.usagemhz.average","27646","MHz","30.11.25 10:30:00","2025-11-30","10:30"
"VSA-Apollo1","cpu.usagemhz.average","32432","MHz","30.11.25 10:00:00","2025-11-30","10:00"
"VSA-Apollo1","cpu.usagemhz.average","22473","MHz","30.11.25 09:30:00","2025-11-30","09:30"
"VSA-Apollo1","cpu.usagemhz.average","11836","MHz","30.11.25 09:00:00","2025-11-30","09:00"
"VSA-Apollo1","cpu.usagemhz.average","13156","MHz","30.11.25 08:30:00","2025-11-30","08:30"
"VSA-Apollo1","cpu.usagemhz.average","12333","MHz","30.11.25 08:00:00","2025-11-30","08:00"
"VSA-Apollo1","cpu.usagemhz.average","7791","MHz","30.11.25 07:30:00","2025-11-30","07:30"
"VSA-Apollo1","cpu.usagemhz.average","6836","MHz","30.11.25 07:00:00","2025-11-30","07:00"
"VSA-Apollo1","cpu.usagemhz.average","5571","MHz","30.11.25 06:30:00","2025-11-30","06:30"
"VSA-Apollo1","cpu.usagemhz.average","5861","MHz","30.11.25 06:00:00","2025-11-30","06:00"
"VSA-Apollo1","cpu.usagemhz.average","6152","MHz","30.11.25 05:30:00","2025-11-30","05:30"
"VSA-Apollo1","cpu.usagemhz.average","7349","MHz","30.11.25 05:00:00","2025-11-30","05:00"
"VSA-Apollo1","cpu.usagemhz.average","6841","MHz","30.11.25 04:30:00","2025-11-30","04:30"
"VSA-Apollo1","cpu.usagemhz.average","10879","MHz","30.11.25 04:00:00","2025-11-30","04:00"
"VSA-Apollo1","cpu.usagemhz.average","17279","MHz","30.11.25 03:30:00","2025-11-30","03:30"
"VSA-Apollo1","cpu.usagemhz.average","13806","MHz","30.11.25 03:00:00","2025-11-30","03:00"
"VSA-Apollo1","cpu.usagemhz.average","6336","MHz","30.11.25 02:30:00","2025-11-30","02:30"
"VSA-Apollo1","cpu.usagemhz.average","5701","MHz","30.11.25 02:00:00","2025-11-30","02:00"
"VSA-Apollo1","cpu.usagemhz.average","5687","MHz","30.11.25 01:30:00","2025-11-30","01:30"
"VSA-Apollo1","cpu.usagemhz.average","16893","MHz","30.11.25 01:00:00","2025-11-30","01:00"
"VSA-Apollo1","cpu.usagemhz.average","22334","MHz","30.11.25 00:30:00","2025-11-30","00:30"
"VSA-Apollo1","cpu.usagemhz.average","23041","MHz","30.11.25 00:00:00","2025-11-30","00:00"
"VSA-Apollo1","cpu.ready.summation","4342","millisecond","30.11.25 23:30:00","2025-11-30","23:30"
"VSA-Apollo1","cpu.ready.summation","6560","millisecond","30.11.25 23:00:00","2025-11-30","23:00"
"VSA-Apollo1","cpu.ready.summation","4918","millisecond","30.11.25 22:30:00","2025-11-30","22:30"
"VSA-Apollo1","cpu.ready.summation","8444","millisecond","30.11.25 22:00:00","2025-11-30","22:00"
"VSA-Apollo1","cpu.ready.summation","7159","millisecond","30.11.25 21:30:00","2025-11-30","21:30"
"VSA-Apollo1","cpu.ready.summation","6530","millisecond","30.11.25 21:00:00","2025-11-30","21:00"
"VSA-Apollo1","cpu.ready.summation","6068","millisecond","30.11.25 20:30:00","2025-11-30","20:30"
"VSA-Apollo1","cpu.ready.summation","6168","millisecond","30.11.25 20:00:00","2025-11-30","20:00"
"VSA-Apollo1","cpu.ready.summation","5850","millisecond","30.11.25 19:30:00","2025-11-30","19:30"
"VSA-Apollo1","cpu.ready.summation","5602","millisecond","30.11.25 19:00:00","2025-11-30","19:00"
"VSA-Apollo1","cpu.ready.summation","6941","millisecond","30.11.25 18:30:00","2025-11-30","18:30"
"VSA-Apollo1","cpu.ready.summation","6789","millisecond","30.11.25 18:00:00","2025-11-30","18:00"
"VSA-Apollo1","cpu.ready.summation","7868","millisecond","30.11.25 17:30:00","2025-11-30","17:30"
"VSA-Apollo1","cpu.ready.summation","7563","millisecond","30.11.25 17:00:00","2025-11-30","17:00"
"VSA-Apollo1","cpu.ready.summation","7467","millisecond","30.11.25 16:30:00","2025-11-30","16:30"
"VSA-Apollo1","cpu.ready.summation","6972","millisecond","30.11.25 16:00:00","2025-11-30","16:00"
"VSA-Apollo1","cpu.ready.summation","7051","millisecond","30.11.25 15:30:00","2025-11-30","15:30"
"VSA-Apollo1","cpu.ready.summation","6822","millisecond","30.11.25 15:00:00","2025-11-30","15:00"
"VSA-Apollo1","cpu.ready.summation","6398","millisecond","30.11.25 14:30:00","2025-11-30","14:30"
"VSA-Apollo1","cpu.ready.summation","7442","millisecond","30.11.25 14:00:00","2025-11-30","14:00"
"VSA-Apollo1","cpu.ready.summation","8534","millisecond","30.11.25 13:30:00","2025-11-30","13:30"
"VSA-Apollo1","cpu.ready.summation","9937","millisecond","30.11.25 13:00:00","2025-11-30","13:00"
"VSA-Apollo1","cpu.ready.summation","9108","millisecond","30.11.25 12:30:00","2025-11-30","12:30"
"VSA-Apollo1","cpu.ready.summation","9779","millisecond","30.11.25 12:00:00","2025-11-30","12:00"
"VSA-Apollo1","cpu.ready.summation","10512","millisecond","30.11.25 11:30:00","2025-11-30","11:30"
"VSA-Apollo1","cpu.ready.summation","10527","millisecond","30.11.25 11:00:00","2025-11-30","11:00"
"VSA-Apollo1","cpu.ready.summation","10500","millisecond","30.11.25 10:30:00","2025-11-30","10:30"
"VSA-Apollo1","cpu.ready.summation","9724","millisecond","30.11.25 10:00:00","2025-11-30","10:00"
"VSA-Apollo1","cpu.ready.summation","7943","millisecond","30.11.25 09:30:00","2025-11-30","09:30"
"VSA-Apollo1","cpu.ready.summation","5564","millisecond","30.11.25 09:00:00","2025-11-30","09:00"
"VSA-Apollo1","cpu.ready.summation","5253","millisecond","30.11.25 08:30:00","2025-11-30","08:30"
"VSA-Apollo1","cpu.ready.summation","5740","millisecond","30.11.25 08:00:00","2025-11-30","08:00"
"VSA-Apollo1","cpu.ready.summation","4378","millisecond","30.11.25 07:30:00","2025-11-30","07:30"
"VSA-Apollo1","cpu.ready.summation","4380","millisecond","30.11.25 07:00:00","2025-11-30","07:00"
"VSA-Apollo1","cpu.ready.summation","4102","millisecond","30.11.25 06:30:00","2025-11-30","06:30"
"VSA-Apollo1","cpu.ready.summation","4337","millisecond","30.11.25 06:00:00","2025-11-30","06:00"
"VSA-Apollo1","cpu.ready.summation","4843","millisecond","30.11.25 05:30:00","2025-11-30","05:30"
"VSA-Apollo1","cpu.ready.summation","5125","millisecond","30.11.25 05:00:00","2025-11-30","05:00"
"VSA-Apollo1","cpu.ready.summation","5045","millisecond","30.11.25 04:30:00","2025-11-30","04:30"
"VSA-Apollo1","cpu.ready.summation","6362","millisecond","30.11.25 04:00:00","2025-11-30","04:00"
"VSA-Apollo1","cpu.ready.summation","8438","millisecond","30.11.25 03:30:00","2025-11-30","03:30"
"VSA-Apollo1","cpu.ready.summation","7209","millisecond","30.11.25 03:00:00","2025-11-30","03:00"
"VSA-Apollo1","cpu.ready.summation","3815","millisecond","30.11.25 02:30:00","2025-11-30","02:30"
"VSA-Apollo1","cpu.ready.summation","3858","millisecond","30.11.25 02:00:00","2025-11-30","02:00"
"VSA-Apollo1","cpu.ready.summation","4020","millisecond","30.11.25 01:30:00","2025-11-30","01:30"
"VSA-Apollo1","cpu.ready.summation","7012","millisecond","30.11.25 01:00:00","2025-11-30","01:00"
"VSA-Apollo1","cpu.ready.summation","8809","millisecond","30.11.25 00:30:00","2025-11-30","00:30"
"VSA-Apollo1","cpu.ready.summation","9961","millisecond","30.11.25 00:00:00","2025-11-30","00:00"
"VSA-Apollo1","mem.consumed.average","367001600","KB","30.11.25 23:30:00","2025-11-30","23:30"
"VSA-Apollo1","mem.consumed.average","367001600","KB","30.11.25 23:00:00","2025-11-30","23:00"
"VSA-Apollo1","mem.consumed.average","367001600","KB","30.11.25 22:30:00","2025-11-30","22:30"
"VSA-Apollo1","mem.consumed.average","367001600","KB","30.11.25 22:00:00","2025-11-30","22:00"
"VSA-Apollo1","mem.consumed.average","367001600","KB","30.11.25 21:30:00","2025-11-30","21:30"
"VSA-Apollo1","mem.consumed.average","367001600","KB","30.11.25 21:00:00","2025-11-30","21:00"
"VSA-Apollo1","mem.consumed.average","367001600","KB","30.11.25 20:30:00","2025-11-30","20:30"
"VSA-Apollo1","mem.consumed.average","367001600","KB","30.11.25 20:00:00","2025-11-30","20:00"
"VSA-Apollo1","mem.consumed.average","367001600","KB","30.11.25 19:30:00","2025-11-30","19:30"
"VSA-Apollo1","mem.consumed.average","367001600","KB","30.11.25 19:00:00","2025-11-30","19:00"
"VSA-Apollo1","mem.consumed.average","367001600","KB","30.11.25 18:30:00","2025-11-30","18:30"
"VSA-Apollo1","mem.consumed.average","367001600","KB","30.11.25 18:00:00","2025-11-30","18:00"
"VSA-Apollo1","mem.consumed.average","367001600","KB","30.11.25 17:30:00","2025-11-30","17:30"
"VSA-Apollo1","mem.consumed.average","367001600","KB","30.11.25 17:00:00","2025-11-30","17:00"
"VSA-Apollo1","mem.consumed.average","367001600","KB","30.11.25 16:30:00","2025-11-30","16:30"
"VSA-Apollo1","mem.consumed.average","367001600","KB","30.11.25 16:00:00","2025-11-30","16:00"
"VSA-Apollo1","mem.consumed.average","367001600","KB","30.11.25 15:30:00","2025-11-30","15:30"
"VSA-Apollo1","mem.consumed.average","367001600","KB","30.11.25 15:00:00","2025-11-30","15:00"
"VSA-Apollo1","mem.consumed.average","367001600","KB","30.11.25 14:30:00","2025-11-30","14:30"
"VSA-Apollo1","mem.consumed.average","367001600","KB","30.11.25 14:00:00","2025-11-30","14:00"
"VSA-Apollo1","mem.consumed.average","367001600","KB","30.11.25 13:30:00","2025-11-30","13:30"
"VSA-Apollo1","mem.consumed.average","367001600","KB","30.11.25 13:00:00","2025-11-30","13:00"
"VSA-Apollo1","mem.consumed.average","367001600","KB","30.11.25 12:30:00","2025-11-30","12:30"
"VSA-Apollo1","mem.consumed.average","367001600","KB","30.11.25 12:00:00","2025-11-30","12:00"
"VSA-Apollo1","mem.consumed.average","367001600","KB","30.11.25 11:30:00","2025-11-30","11:30"
"VSA-Apollo1","mem.consumed.average","367001600","KB","30.11.25 11:00:00","2025-11-30","11:00"
"VSA-Apollo1","mem.consumed.average","367001600","KB","30.11.25 10:30:00","2025-11-30","10:30"
"VSA-Apollo1","mem.consumed.average","367001600","KB","30.11.25 10:00:00","2025-11-30","10:00"
"VSA-Apollo1","mem.consumed.average","367001600","KB","30.11.25 09:30:00","2025-11-30","09:30"
"VSA-Apollo1","mem.consumed.average","367001600","KB","30.11.25 09:00:00","2025-11-30","09:00"
"VSA-Apollo1","mem.consumed.average","367001600","KB","30.11.25 08:30:00","2025-11-30","08:30"
"VSA-Apollo1","mem.consumed.average","367001600","KB","30.11.25 08:00:00","2025-11-30","08:00"
"VSA-Apollo1","mem.consumed.average","367001600","KB","30.11.25 07:30:00","2025-11-30","07:30"
"VSA-Apollo1","mem.consumed.average","367001600","KB","30.11.25 07:00:00","2025-11-30","07:00"
"VSA-Apollo1","mem.consumed.average","367001600","KB","30.11.25 06:30:00","2025-11-30","06:30"
"VSA-Apollo1","mem.consumed.average","367001600","KB","30.11.25 06:00:00","2025-11-30","06:00"
"VSA-Apollo1","mem.consumed.average","367001600","KB","30.11.25 05:30:00","2025-11-30","05:30"
"VSA-Apollo1","mem.consumed.average","367001600","KB","30.11.25 05:00:00","2025-11-30","05:00"
"VSA-Apollo1","mem.consumed.average","367001600","KB","30.11.25 04:30:00","2025-11-30","04:30"
"VSA-Apollo1","mem.consumed.average","367001600","KB","30.11.25 04:00:00","2025-11-30","04:00"
"VSA-Apollo1","mem.consumed.average","367001600","KB","30.11.25 03:30:00","2025-11-30","03:30"
"VSA-Apollo1","mem.consumed.average","367001600","KB","30.11.25 03:00:00","2025-11-30","03:00"
"VSA-Apollo1","mem.consumed.average","367001600","KB","30.11.25 02:30:00","2025-11-30","02:30"
"VSA-Apollo1","mem.consumed.average","367001600","KB","30.11.25 02:00:00","2025-11-30","02:00"
"VSA-Apollo1","mem.consumed.average","367001600","KB","30.11.25 01:30:00","2025-11-30","01:30"
"VSA-Apollo1","mem.consumed.average","367001600","KB","30.11.25 01:00:00","2025-11-30","01:00"
"VSA-Apollo1","mem.consumed.average","367001600","KB","30.11.25 00:30:00","2025-11-30","00:30"
"VSA-Apollo1","mem.consumed.average","367001600","KB","30.11.25 00:00:00","2025-11-30","00:00"
"VSA-Apollo1","mem.overhead.average","1193180","KB","30.11.25 23:30:00","2025-11-30","23:30"
"VSA-Apollo1","mem.overhead.average","1193180","KB","30.11.25 23:00:00","2025-11-30","23:00"
"VSA-Apollo1","mem.overhead.average","1193180","KB","30.11.25 22:30:00","2025-11-30","22:30"
"VSA-Apollo1","mem.overhead.average","1193180","KB","30.11.25 22:00:00","2025-11-30","22:00"
"VSA-Apollo1","mem.overhead.average","1193180","KB","30.11.25 21:30:00","2025-11-30","21:30"
"VSA-Apollo1","mem.overhead.average","1193180","KB","30.11.25 21:00:00","2025-11-30","21:00"
"VSA-Apollo1","mem.overhead.average","1193180","KB","30.11.25 20:30:00","2025-11-30","20:30"
"VSA-Apollo1","mem.overhead.average","1193180","KB","30.11.25 20:00:00","2025-11-30","20:00"
"VSA-Apollo1","mem.overhead.average","1193180","KB","30.11.25 19:30:00","2025-11-30","19:30"
"VSA-Apollo1","mem.overhead.average","1193180","KB","30.11.25 19:00:00","2025-11-30","19:00"
"VSA-Apollo1","mem.overhead.average","1193180","KB","30.11.25 18:30:00","2025-11-30","18:30"
"VSA-Apollo1","mem.overhead.average","1193180","KB","30.11.25 18:00:00","2025-11-30","18:00"
"VSA-Apollo1","mem.overhead.average","1193180","KB","30.11.25 17:30:00","2025-11-30","17:30"
"VSA-Apollo1","mem.overhead.average","1193180","KB","30.11.25 17:00:00","2025-11-30","17:00"
"VSA-Apollo1","mem.overhead.average","1193180","KB","30.11.25 16:30:00","2025-11-30","16:30"
"VSA-Apollo1","mem.overhead.average","1193180","KB","30.11.25 16:00:00","2025-11-30","16:00"
"VSA-Apollo1","mem.overhead.average","1193180","KB","30.11.25 15:30:00","2025-11-30","15:30"
"VSA-Apollo1","mem.overhead.average","1193180","KB","30.11.25 15:00:00","2025-11-30","15:00"
"VSA-Apollo1","mem.overhead.average","1193180","KB","30.11.25 14:30:00","2025-11-30","14:30"
"VSA-Apollo1","mem.overhead.average","1193180","KB","30.11.25 14:00:00","2025-11-30","14:00"
"VSA-Apollo1","mem.overhead.average","1193180","KB","30.11.25 13:30:00","2025-11-30","13:30"
"VSA-Apollo1","mem.overhead.average","1193180","KB","30.11.25 13:00:00","2025-11-30","13:00"
"VSA-Apollo1","mem.overhead.average","1193180","KB","30.11.25 12:30:00","2025-11-30","12:30"
"VSA-Apollo1","mem.overhead.average","1193180","KB","30.11.25 12:00:00","2025-11-30","12:00"
"VSA-Apollo1","mem.overhead.average","1193180","KB","30.11.25 11:30:00","2025-11-30","11:30"
"VSA-Apollo1","mem.overhead.average","1193180","KB","30.11.25 11:00:00","2025-11-30","11:00"
"VSA-Apollo1","mem.overhead.average","1193180","KB","30.11.25 10:30:00","2025-11-30","10:30"
"VSA-Apollo1","mem.overhead.average","1193180","KB","30.11.25 10:00:00","2025-11-30","10:00"
"VSA-Apollo1","mem.overhead.average","1193180","KB","30.11.25 09:30:00","2025-11-30","09:30"
"VSA-Apollo1","mem.overhead.average","1193180","KB","30.11.25 09:00:00","2025-11-30","09:00"
"VSA-Apollo1","mem.overhead.average","1193180","KB","30.11.25 08:30:00","2025-11-30","08:30"
"VSA-Apollo1","mem.overhead.average","1193180","KB","30.11.25 08:00:00","2025-11-30","08:00"
"VSA-Apollo1","mem.overhead.average","1193180","KB","30.11.25 07:30:00","2025-11-30","07:30"
"VSA-Apollo1","mem.overhead.average","1193180","KB","30.11.25 07:00:00","2025-11-30","07:00"
"VSA-Apollo1","mem.overhead.average","1193180","KB","30.11.25 06:30:00","2025-11-30","06:30"
"VSA-Apollo1","mem.overhead.average","1193180","KB","30.11.25 06:00:00","2025-11-30","06:00"
"VSA-Apollo1","mem.overhead.average","1193180","KB","30.11.25 05:30:00","2025-11-30","05:30"
"VSA-Apollo1","mem.overhead.average","1193180","KB","30.11.25 05:00:00","2025-11-30","05:00"
"VSA-Apollo1","mem.overhead.average","1193180","KB","30.11.25 04:30:00","2025-11-30","04:30"
"VSA-Apollo1","mem.overhead.average","1193180","KB","30.11.25 04:00:00","2025-11-30","04:00"
"VSA-Apollo1","mem.overhead.average","1193180","KB","30.11.25 03:30:00","2025-11-30","03:30"
"VSA-Apollo1","mem.overhead.average","1193180","KB","30.11.25 03:00:00","2025-11-30","03:00"
"VSA-Apollo1","mem.overhead.average","1193180","KB","30.11.25 02:30:00","2025-11-30","02:30"
"VSA-Apollo1","mem.overhead.average","1193180","KB","30.11.25 02:00:00","2025-11-30","02:00"
"VSA-Apollo1","mem.overhead.average","1193180","KB","30.11.25 01:30:00","2025-11-30","01:30"
"VSA-Apollo1","mem.overhead.average","1193180","KB","30.11.25 01:00:00","2025-11-30","01:00"
"VSA-Apollo1","mem.overhead.average","1193180","KB","30.11.25 00:30:00","2025-11-30","00:30"
"VSA-Apollo1","mem.overhead.average","1193180","KB","30.11.25 00:00:00","2025-11-30","00:00"
"VSA-Apollo1","mem.swapinrate.average","0","KBps","30.11.25 23:30:00","2025-11-30","23:30"
"VSA-Apollo1","mem.swapinrate.average","0","KBps","30.11.25 23:00:00","2025-11-30","23:00"
"VSA-Apollo1","mem.swapinrate.average","0","KBps","30.11.25 22:30:00","2025-11-30","22:30"
"VSA-Apollo1","mem.swapinrate.average","0","KBps","30.11.25 22:00:00","2025-11-30","22:00"
"VSA-Apollo1","mem.swapinrate.average","0","KBps","30.11.25 21:30:00","2025-11-30","21:30"
"VSA-Apollo1","mem.swapinrate.average","0","KBps","30.11.25 21:00:00","2025-11-30","21:00"
"VSA-Apollo1","mem.swapinrate.average","0","KBps","30.11.25 20:30:00","2025-11-30","20:30"
"VSA-Apollo1","mem.swapinrate.average","0","KBps","30.11.25 20:00:00","2025-11-30","20:00"
"VSA-Apollo1","mem.swapinrate.average","0","KBps","30.11.25 19:30:00","2025-11-30","19:30"
"VSA-Apollo1","mem.swapinrate.average","0","KBps","30.11.25 19:00:00","2025-11-30","19:00"
"VSA-Apollo1","mem.swapinrate.average","0","KBps","30.11.25 18:30:00","2025-11-30","18:30"
"VSA-Apollo1","mem.swapinrate.average","0","KBps","30.11.25 18:00:00","2025-11-30","18:00"
"VSA-Apollo1","mem.swapinrate.average","0","KBps","30.11.25 17:30:00","2025-11-30","17:30"
"VSA-Apollo1","mem.swapinrate.average","0","KBps","30.11.25 17:00:00","2025-11-30","17:00"
"VSA-Apollo1","mem.swapinrate.average","0","KBps","30.11.25 16:30:00","2025-11-30","16:30"
"VSA-Apollo1","mem.swapinrate.average","0","KBps","30.11.25 16:00:00","2025-11-30","16:00"
"VSA-Apollo1","mem.swapinrate.average","0","KBps","30.11.25 15:30:00","2025-11-30","15:30"
"VSA-Apollo1","mem.swapinrate.average","0","KBps","30.11.25 15:00:00","2025-11-30","15:00"
"VSA-Apollo1","mem.swapinrate.average","0","KBps","30.11.25 14:30:00","2025-11-30","14:30"
"VSA-Apollo1","mem.swapinrate.average","0","KBps","30.11.25 14:00:00","2025-11-30","14:00"
"VSA-Apollo1","mem.swapinrate.average","0","KBps","30.11.25 13:30:00","2025-11-30","13:30"
"VSA-Apollo1","mem.swapinrate.average","0","KBps","30.11.25 13:00:00","2025-11-30","13:00"
"VSA-Apollo1","mem.swapinrate.average","0","KBps","30.11.25 12:30:00","2025-11-30","12:30"
"VSA-Apollo1","mem.swapinrate.average","0","KBps","30.11.25 12:00:00","2025-11-30","12:00"
"VSA-Apollo1","mem.swapinrate.average","0","KBps","30.11.25 11:30:00","2025-11-30","11:30"
"VSA-Apollo1","mem.swapinrate.average","0","KBps","30.11.25 11:00:00","2025-11-30","11:00"
"VSA-Apollo1","mem.swapinrate.average","0","KBps","30.11.25 10:30:00","2025-11-30","10:30"
"VSA-Apollo1","mem.swapinrate.average","0","KBps","30.11.25 10:00:00","2025-11-30","10:00"
"VSA-Apollo1","mem.swapinrate.average","0","KBps","30.11.25 09:30:00","2025-11-30","09:30"
"VSA-Apollo1","mem.swapinrate.average","0","KBps","30.11.25 09:00:00","2025-11-30","09:00"
"VSA-Apollo1","mem.swapinrate.average","0","KBps","30.11.25 08:30:00","2025-11-30","08:30"
"VSA-Apollo1","mem.swapinrate.average","0","KBps","30.11.25 08:00:00","2025-11-30","08:00"
"VSA-Apollo1","mem.swapinrate.average","0","KBps","30.11.25 07:30:00","2025-11-30","07:30"
"VSA-Apollo1","mem.swapinrate.average","0","KBps","30.11.25 07:00:00","2025-11-30","07:00"
"VSA-Apollo1","mem.swapinrate.average","0","KBps","30.11.25 06:30:00","2025-11-30","06:30"
"VSA-Apollo1","mem.swapinrate.average","0","KBps","30.11.25 06:00:00","2025-11-30","06:00"
"VSA-Apollo1","mem.swapinrate.average","0","KBps","30.11.25 05:30:00","2025-11-30","05:30"
"VSA-Apollo1","mem.swapinrate.average","0","KBps","30.11.25 05:00:00","2025-11-30","05:00"
"VSA-Apollo1","mem.swapinrate.average","0","KBps","30.11.25 04:30:00","2025-11-30","04:30"
"VSA-Apollo1","mem.swapinrate.average","0","KBps","30.11.25 04:00:00","2025-11-30","04:00"
"VSA-Apollo1","mem.swapinrate.average","0","KBps","30.11.25 03:30:00","2025-11-30","03:30"
"VSA-Apollo1","mem.swapinrate.average","0","KBps","30.11.25 03:00:00","2025-11-30","03:00"
"VSA-Apollo1","mem.swapinrate.average","0","KBps","30.11.25 02:30:00","2025-11-30","02:30"
"VSA-Apollo1","mem.swapinrate.average","0","KBps","30.11.25 02:00:00","2025-11-30","02:00"
"VSA-Apollo1","mem.swapinrate.average","0","KBps","30.11.25 01:30:00","2025-11-30","01:30"
"VSA-Apollo1","mem.swapinrate.average","0","KBps","30.11.25 01:00:00","2025-11-30","01:00"
"VSA-Apollo1","mem.swapinrate.average","0","KBps","30.11.25 00:30:00","2025-11-30","00:30"
"VSA-Apollo1","mem.swapinrate.average","0","KBps","30.11.25 00:00:00","2025-11-30","00:00"
"VSA-Apollo1","mem.swapoutrate.average","0","KBps","30.11.25 23:30:00","2025-11-30","23:30"
"VSA-Apollo1","mem.swapoutrate.average","0","KBps","30.11.25 23:00:00","2025-11-30","23:00"
"VSA-Apollo1","mem.swapoutrate.average","0","KBps","30.11.25 22:30:00","2025-11-30","22:30"
"VSA-Apollo1","mem.swapoutrate.average","0","KBps","30.11.25 22:00:00","2025-11-30","22:00"
"VSA-Apollo1","mem.swapoutrate.average","0","KBps","30.11.25 21:30:00","2025-11-30","21:30"
"VSA-Apollo1","mem.swapoutrate.average","0","KBps","30.11.25 21:00:00","2025-11-30","21:00"
"VSA-Apollo1","mem.swapoutrate.average","0","KBps","30.11.25 20:30:00","2025-11-30","20:30"
"VSA-Apollo1","mem.swapoutrate.average","0","KBps","30.11.25 20:00:00","2025-11-30","20:00"
"VSA-Apollo1","mem.swapoutrate.average","0","KBps","30.11.25 19:30:00","2025-11-30","19:30"
"VSA-Apollo1","mem.swapoutrate.average","0","KBps","30.11.25 19:00:00","2025-11-30","19:00"
"VSA-Apollo1","mem.swapoutrate.average","0","KBps","30.11.25 18:30:00","2025-11-30","18:30"
"VSA-Apollo1","mem.swapoutrate.average","0","KBps","30.11.25 18:00:00","2025-11-30","18:00"
"VSA-Apollo1","mem.swapoutrate.average","0","KBps","30.11.25 17:30:00","2025-11-30","17:30"
"VSA-Apollo1","mem.swapoutrate.average","0","KBps","30.11.25 17:00:00","2025-11-30","17:00"
"VSA-Apollo1","mem.swapoutrate.average","0","KBps","30.11.25 16:30:00","2025-11-30","16:30"
"VSA-Apollo1","mem.swapoutrate.average","0","KBps","30.11.25 16:00:00","2025-11-30","16:00"
"VSA-Apollo1","mem.swapoutrate.average","0","KBps","30.11.25 15:30:00","2025-11-30","15:30"
"VSA-Apollo1","mem.swapoutrate.average","0","KBps","30.11.25 15:00:00","2025-11-30","15:00"
"VSA-Apollo1","mem.swapoutrate.average","0","KBps","30.11.25 14:30:00","2025-11-30","14:30"
"VSA-Apollo1","mem.swapoutrate.average","0","KBps","30.11.25 14:00:00","2025-11-30","14:00"
"VSA-Apollo1","mem.swapoutrate.average","0","KBps","30.11.25 13:30:00","2025-11-30","13:30"
"VSA-Apollo1","mem.swapoutrate.average","0","KBps","30.11.25 13:00:00","2025-11-30","13:00"
"VSA-Apollo1","mem.swapoutrate.average","0","KBps","30.11.25 12:30:00","2025-11-30","12:30"
"VSA-Apollo1","mem.swapoutrate.average","0","KBps","30.11.25 12:00:00","2025-11-30","12:00"
"VSA-Apollo1","mem.swapoutrate.average","0","KBps","30.11.25 11:30:00","2025-11-30","11:30"
"VSA-Apollo1","mem.swapoutrate.average","0","KBps","30.11.25 11:00:00","2025-11-30","11:00"
"VSA-Apollo1","mem.swapoutrate.average","0","KBps","30.11.25 10:30:00","2025-11-30","10:30"
"VSA-Apollo1","mem.swapoutrate.average","0","KBps","30.11.25 10:00:00","2025-11-30","10:00"
"VSA-Apollo1","mem.swapoutrate.average","0","KBps","30.11.25 09:30:00","2025-11-30","09:30"
"VSA-Apollo1","mem.swapoutrate.average","0","KBps","30.11.25 09:00:00","2025-11-30","09:00"
"VSA-Apollo1","mem.swapoutrate.average","0","KBps","30.11.25 08:30:00","2025-11-30","08:30"
"VSA-Apollo1","mem.swapoutrate.average","0","KBps","30.11.25 08:00:00","2025-11-30","08:00"
"VSA-Apollo1","mem.swapoutrate.average","0","KBps","30.11.25 07:30:00","2025-11-30","07:30"
"VSA-Apollo1","mem.swapoutrate.average","0","KBps","30.11.25 07:00:00","2025-11-30","07:00"
"VSA-Apollo1","mem.swapoutrate.average","0","KBps","30.11.25 06:30:00","2025-11-30","06:30"
"VSA-Apollo1","mem.swapoutrate.average","0","KBps","30.11.25 06:00:00","2025-11-30","06:00"
"VSA-Apollo1","mem.swapoutrate.average","0","KBps","30.11.25 05:30:00","2025-11-30","05:30"
"VSA-Apollo1","mem.swapoutrate.average","0","KBps","30.11.25 05:00:00","2025-11-30","05:00"
"VSA-Apollo1","mem.swapoutrate.average","0","KBps","30.11.25 04:30:00","2025-11-30","04:30"
"VSA-Apollo1","mem.swapoutrate.average","0","KBps","30.11.25 04:00:00","2025-11-30","04:00"
"VSA-Apollo1","mem.swapoutrate.average","0","KBps","30.11.25 03:30:00","2025-11-30","03:30"
"VSA-Apollo1","mem.swapoutrate.average","0","KBps","30.11.25 03:00:00","2025-11-30","03:00"
"VSA-Apollo1","mem.swapoutrate.average","0","KBps","30.11.25 02:30:00","2025-11-30","02:30"
"VSA-Apollo1","mem.swapoutrate.average","0","KBps","30.11.25 02:00:00","2025-11-30","02:00"
"VSA-Apollo1","mem.swapoutrate.average","0","KBps","30.11.25 01:30:00","2025-11-30","01:30"
"VSA-Apollo1","mem.swapoutrate.average","0","KBps","30.11.25 01:00:00","2025-11-30","01:00"
"VSA-Apollo1","mem.swapoutrate.average","0","KBps","30.11.25 00:30:00","2025-11-30","00:30"
"VSA-Apollo1","mem.swapoutrate.average","0","KBps","30.11.25 00:00:00","2025-11-30","00:00"
"VSA-Apollo1","mem.usage.average","75","%","30.11.25 23:30:00","2025-11-30","23:30"
"VSA-Apollo1","mem.usage.average","75","%","30.11.25 23:00:00","2025-11-30","23:00"
"VSA-Apollo1","mem.usage.average","75","%","30.11.25 22:30:00","2025-11-30","22:30"
"VSA-Apollo1","mem.usage.average","75","%","30.11.25 22:00:00","2025-11-30","22:00"
"VSA-Apollo1","mem.usage.average","75","%","30.11.25 21:30:00","2025-11-30","21:30"
"VSA-Apollo1","mem.usage.average","75","%","30.11.25 21:00:00","2025-11-30","21:00"
"VSA-Apollo1","mem.usage.average","75","%","30.11.25 20:30:00","2025-11-30","20:30"
"VSA-Apollo1","mem.usage.average","75","%","30.11.25 20:00:00","2025-11-30","20:00"
"VSA-Apollo1","mem.usage.average","75","%","30.11.25 19:30:00","2025-11-30","19:30"
"VSA-Apollo1","mem.usage.average","75","%","30.11.25 19:00:00","2025-11-30","19:00"
"VSA-Apollo1","mem.usage.average","75","%","30.11.25 18:30:00","2025-11-30","18:30"
"VSA-Apollo1","mem.usage.average","75","%","30.11.25 18:00:00","2025-11-30","18:00"
"VSA-Apollo1","mem.usage.average","75","%","30.11.25 17:30:00","2025-11-30","17:30"
"VSA-Apollo1","mem.usage.average","75","%","30.11.25 17:00:00","2025-11-30","17:00"
"VSA-Apollo1","mem.usage.average","75","%","30.11.25 16:30:00","2025-11-30","16:30"
"VSA-Apollo1","mem.usage.average","75","%","30.11.25 16:00:00","2025-11-30","16:00"
"VSA-Apollo1","mem.usage.average","75","%","30.11.25 15:30:00","2025-11-30","15:30"
"VSA-Apollo1","mem.usage.average","75","%","30.11.25 15:00:00","2025-11-30","15:00"
"VSA-Apollo1","mem.usage.average","75","%","30.11.25 14:30:00","2025-11-30","14:30"
"VSA-Apollo1","mem.usage.average","75","%","30.11.25 14:00:00","2025-11-30","14:00"
"VSA-Apollo1","mem.usage.average","75","%","30.11.25 13:30:00","2025-11-30","13:30"
"VSA-Apollo1","mem.usage.average","75","%","30.11.25 13:00:00","2025-11-30","13:00"
"VSA-Apollo1","mem.usage.average","75","%","30.11.25 12:30:00","2025-11-30","12:30"
"VSA-Apollo1","mem.usage.average","75","%","30.11.25 12:00:00","2025-11-30","12:00"
"VSA-Apollo1","mem.usage.average","75","%","30.11.25 11:30:00","2025-11-30","11:30"
"VSA-Apollo1","mem.usage.average","75","%","30.11.25 11:00:00","2025-11-30","11:00"
"VSA-Apollo1","mem.usage.average","75","%","30.11.25 10:30:00","2025-11-30","10:30"
"VSA-Apollo1","mem.usage.average","75","%","30.11.25 10:00:00","2025-11-30","10:00"
"VSA-Apollo1","mem.usage.average","75","%","30.11.25 09:30:00","2025-11-30","09:30"
"VSA-Apollo1","mem.usage.average","75","%","30.11.25 09:00:00","2025-11-30","09:00"
"VSA-Apollo1","mem.usage.average","75","%","30.11.25 08:30:00","2025-11-30","08:30"
"VSA-Apollo1","mem.usage.average","75","%","30.11.25 08:00:00","2025-11-30","08:00"
"VSA-Apollo1","mem.usage.average","75","%","30.11.25 07:30:00","2025-11-30","07:30"
"VSA-Apollo1","mem.usage.average","75","%","30.11.25 07:00:00","2025-11-30","07:00"
"VSA-Apollo1","mem.usage.average","75","%","30.11.25 06:30:00","2025-11-30","06:30"
"VSA-Apollo1","mem.usage.average","75","%","30.11.25 06:00:00","2025-11-30","06:00"
"VSA-Apollo1","mem.usage.average","75","%","30.11.25 05:30:00","2025-11-30","05:30"
"VSA-Apollo1","mem.usage.average","75","%","30.11.25 05:00:00","2025-11-30","05:00"
"VSA-Apollo1","mem.usage.average","75","%","30.11.25 04:30:00","2025-11-30","04:30"
"VSA-Apollo1","mem.usage.average","75","%","30.11.25 04:00:00","2025-11-30","04:00"
"VSA-Apollo1","mem.usage.average","75","%","30.11.25 03:30:00","2025-11-30","03:30"
"VSA-Apollo1","mem.usage.average","75","%","30.11.25 03:00:00","2025-11-30","03:00"
"VSA-Apollo1","mem.usage.average","75","%","30.11.25 02:30:00","2025-11-30","02:30"
"VSA-Apollo1","mem.usage.average","75","%","30.11.25 02:00:00","2025-11-30","02:00"
"VSA-Apollo1","mem.usage.average","75","%","30.11.25 01:30:00","2025-11-30","01:30"
"VSA-Apollo1","mem.usage.average","75","%","30.11.25 01:00:00","2025-11-30","01:00"
"VSA-Apollo1","mem.usage.average","75","%","30.11.25 00:30:00","2025-11-30","00:30"
"VSA-Apollo1","mem.usage.average","75","%","30.11.25 00:00:00","2025-11-30","00:00"
"VSA-Apollo1","mem.vmmemctl.average","0","KB","30.11.25 23:30:00","2025-11-30","23:30"
"VSA-Apollo1","mem.vmmemctl.average","0","KB","30.11.25 23:00:00","2025-11-30","23:00"
"VSA-Apollo1","mem.vmmemctl.average","0","KB","30.11.25 22:30:00","2025-11-30","22:30"
"VSA-Apollo1","mem.vmmemctl.average","0","KB","30.11.25 22:00:00","2025-11-30","22:00"
"VSA-Apollo1","mem.vmmemctl.average","0","KB","30.11.25 21:30:00","2025-11-30","21:30"
"VSA-Apollo1","mem.vmmemctl.average","0","KB","30.11.25 21:00:00","2025-11-30","21:00"
"VSA-Apollo1","mem.vmmemctl.average","0","KB","30.11.25 20:30:00","2025-11-30","20:30"
"VSA-Apollo1","mem.vmmemctl.average","0","KB","30.11.25 20:00:00","2025-11-30","20:00"
"VSA-Apollo1","mem.vmmemctl.average","0","KB","30.11.25 19:30:00","2025-11-30","19:30"
"VSA-Apollo1","mem.vmmemctl.average","0","KB","30.11.25 19:00:00","2025-11-30","19:00"
"VSA-Apollo1","mem.vmmemctl.average","0","KB","30.11.25 18:30:00","2025-11-30","18:30"
"VSA-Apollo1","mem.vmmemctl.average","0","KB","30.11.25 18:00:00","2025-11-30","18:00"
"VSA-Apollo1","mem.vmmemctl.average","0","KB","30.11.25 17:30:00","2025-11-30","17:30"
"VSA-Apollo1","mem.vmmemctl.average","0","KB","30.11.25 17:00:00","2025-11-30","17:00"
"VSA-Apollo1","mem.vmmemctl.average","0","KB","30.11.25 16:30:00","2025-11-30","16:30"
"VSA-Apollo1","mem.vmmemctl.average","0","KB","30.11.25 16:00:00","2025-11-30","16:00"
"VSA-Apollo1","mem.vmmemctl.average","0","KB","30.11.25 15:30:00","2025-11-30","15:30"
"VSA-Apollo1","mem.vmmemctl.average","0","KB","30.11.25 15:00:00","2025-11-30","15:00"
"VSA-Apollo1","mem.vmmemctl.average","0","KB","30.11.25 14:30:00","2025-11-30","14:30"
"VSA-Apollo1","mem.vmmemctl.average","0","KB","30.11.25 14:00:00","2025-11-30","14:00"
"VSA-Apollo1","mem.vmmemctl.average","0","KB","30.11.25 13:30:00","2025-11-30","13:30"
"VSA-Apollo1","mem.vmmemctl.average","0","KB","30.11.25 13:00:00","2025-11-30","13:00"
"VSA-Apollo1","mem.vmmemctl.average","0","KB","30.11.25 12:30:00","2025-11-30","12:30"
"VSA-Apollo1","mem.vmmemctl.average","0","KB","30.11.25 12:00:00","2025-11-30","12:00"
"VSA-Apollo1","mem.vmmemctl.average","0","KB","30.11.25 11:30:00","2025-11-30","11:30"
"VSA-Apollo1","mem.vmmemctl.average","0","KB","30.11.25 11:00:00","2025-11-30","11:00"
"VSA-Apollo1","mem.vmmemctl.average","0","KB","30.11.25 10:30:00","2025-11-30","10:30"
"VSA-Apollo1","mem.vmmemctl.average","0","KB","30.11.25 10:00:00","2025-11-30","10:00"
"VSA-Apollo1","mem.vmmemctl.average","0","KB","30.11.25 09:30:00","2025-11-30","09:30"
"VSA-Apollo1","mem.vmmemctl.average","0","KB","30.11.25 09:00:00","2025-11-30","09:00"
"VSA-Apollo1","mem.vmmemctl.average","0","KB","30.11.25 08:30:00","2025-11-30","08:30"
"VSA-Apollo1","mem.vmmemctl.average","0","KB","30.11.25 08:00:00","2025-11-30","08:00"
"VSA-Apollo1","mem.vmmemctl.average","0","KB","30.11.25 07:30:00","2025-11-30","07:30"
"VSA-Apollo1","mem.vmmemctl.average","0","KB","30.11.25 07:00:00","2025-11-30","07:00"
"VSA-Apollo1","mem.vmmemctl.average","0","KB","30.11.25 06:30:00","2025-11-30","06:30"
"VSA-Apollo1","mem.vmmemctl.average","0","KB","30.11.25 06:00:00","2025-11-30","06:00"
"VSA-Apollo1","mem.vmmemctl.average","0","KB","30.11.25 05:30:00","2025-11-30","05:30"
"VSA-Apollo1","mem.vmmemctl.average","0","KB","30.11.25 05:00:00","2025-11-30","05:00"
"VSA-Apollo1","mem.vmmemctl.average","0","KB","30.11.25 04:30:00","2025-11-30","04:30"
"VSA-Apollo1","mem.vmmemctl.average","0","KB","30.11.25 04:00:00","2025-11-30","04:00"
"VSA-Apollo1","mem.vmmemctl.average","0","KB","30.11.25 03:30:00","2025-11-30","03:30"
"VSA-Apollo1","mem.vmmemctl.average","0","KB","30.11.25 03:00:00","2025-11-30","03:00"
"VSA-Apollo1","mem.vmmemctl.average","0","KB","30.11.25 02:30:00","2025-11-30","02:30"
"VSA-Apollo1","mem.vmmemctl.average","0","KB","30.11.25 02:00:00","2025-11-30","02:00"
"VSA-Apollo1","mem.vmmemctl.average","0","KB","30.11.25 01:30:00","2025-11-30","01:30"
"VSA-Apollo1","mem.vmmemctl.average","0","KB","30.11.25 01:00:00","2025-11-30","01:00"
"VSA-Apollo1","mem.vmmemctl.average","0","KB","30.11.25 00:30:00","2025-11-30","00:30"
"VSA-Apollo1","mem.vmmemctl.average","0","KB","30.11.25 00:00:00","2025-11-30","00:00"
"VSA-Apollo1","disk.maxtotallatency.latest","11","millisecond","30.11.25 23:30:00","2025-11-30","23:30"
"VSA-Apollo1","disk.maxtotallatency.latest","13","millisecond","30.11.25 23:00:00","2025-11-30","23:00"
"VSA-Apollo1","disk.maxtotallatency.latest","23","millisecond","30.11.25 22:30:00","2025-11-30","22:30"
"VSA-Apollo1","disk.maxtotallatency.latest","18","millisecond","30.11.25 22:00:00","2025-11-30","22:00"
"VSA-Apollo1","disk.maxtotallatency.latest","24","millisecond","30.11.25 21:30:00","2025-11-30","21:30"
"VSA-Apollo1","disk.maxtotallatency.latest","20","millisecond","30.11.25 21:00:00","2025-11-30","21:00"
"VSA-Apollo1","disk.maxtotallatency.latest","40","millisecond","30.11.25 20:30:00","2025-11-30","20:30"
"VSA-Apollo1","disk.maxtotallatency.latest","29","millisecond","30.11.25 20:00:00","2025-11-30","20:00"
"VSA-Apollo1","disk.maxtotallatency.latest","34","millisecond","30.11.25 19:30:00","2025-11-30","19:30"
"VSA-Apollo1","disk.maxtotallatency.latest","30","millisecond","30.11.25 19:00:00","2025-11-30","19:00"
"VSA-Apollo1","disk.maxtotallatency.latest","14","millisecond","30.11.25 18:30:00","2025-11-30","18:30"
"VSA-Apollo1","disk.maxtotallatency.latest","17","millisecond","30.11.25 18:00:00","2025-11-30","18:00"
"VSA-Apollo1","disk.maxtotallatency.latest","33","millisecond","30.11.25 17:30:00","2025-11-30","17:30"
"VSA-Apollo1","disk.maxtotallatency.latest","29","millisecond","30.11.25 17:00:00","2025-11-30","17:00"
"VSA-Apollo1","disk.maxtotallatency.latest","27","millisecond","30.11.25 16:30:00","2025-11-30","16:30"
"VSA-Apollo1","disk.maxtotallatency.latest","26","millisecond","30.11.25 16:00:00","2025-11-30","16:00"
"VSA-Apollo1","disk.maxtotallatency.latest","21","millisecond","30.11.25 15:30:00","2025-11-30","15:30"
"VSA-Apollo1","disk.maxtotallatency.latest","19","millisecond","30.11.25 15:00:00","2025-11-30","15:00"
"VSA-Apollo1","disk.maxtotallatency.latest","26","millisecond","30.11.25 14:30:00","2025-11-30","14:30"
"VSA-Apollo1","disk.maxtotallatency.latest","29","millisecond","30.11.25 14:00:00","2025-11-30","14:00"
"VSA-Apollo1","disk.maxtotallatency.latest","25","millisecond","30.11.25 13:30:00","2025-11-30","13:30"
"VSA-Apollo1","disk.maxtotallatency.latest","26","millisecond","30.11.25 13:00:00","2025-11-30","13:00"
"VSA-Apollo1","disk.maxtotallatency.latest","15","millisecond","30.11.25 12:30:00","2025-11-30","12:30"
"VSA-Apollo1","disk.maxtotallatency.latest","19","millisecond","30.11.25 12:00:00","2025-11-30","12:00"
"VSA-Apollo1","disk.maxtotallatency.latest","18","millisecond","30.11.25 11:30:00","2025-11-30","11:30"
"VSA-Apollo1","disk.maxtotallatency.latest","16","millisecond","30.11.25 11:00:00","2025-11-30","11:00"
"VSA-Apollo1","disk.maxtotallatency.latest","20","millisecond","30.11.25 10:30:00","2025-11-30","10:30"
"VSA-Apollo1","disk.maxtotallatency.latest","15","millisecond","30.11.25 10:00:00","2025-11-30","10:00"
"VSA-Apollo1","disk.maxtotallatency.latest","12","millisecond","30.11.25 09:30:00","2025-11-30","09:30"
"VSA-Apollo1","disk.maxtotallatency.latest","31","millisecond","30.11.25 09:00:00","2025-11-30","09:00"
"VSA-Apollo1","disk.maxtotallatency.latest","14","millisecond","30.11.25 08:30:00","2025-11-30","08:30"
"VSA-Apollo1","disk.maxtotallatency.latest","26","millisecond","30.11.25 08:00:00","2025-11-30","08:00"
"VSA-Apollo1","disk.maxtotallatency.latest","16","millisecond","30.11.25 07:30:00","2025-11-30","07:30"
"VSA-Apollo1","disk.maxtotallatency.latest","14","millisecond","30.11.25 07:00:00","2025-11-30","07:00"
"VSA-Apollo1","disk.maxtotallatency.latest","19","millisecond","30.11.25 06:30:00","2025-11-30","06:30"
"VSA-Apollo1","disk.maxtotallatency.latest","19","millisecond","30.11.25 06:00:00","2025-11-30","06:00"
"VSA-Apollo1","disk.maxtotallatency.latest","15","millisecond","30.11.25 05:30:00","2025-11-30","05:30"
"VSA-Apollo1","disk.maxtotallatency.latest","15","millisecond","30.11.25 05:00:00","2025-11-30","05:00"
"VSA-Apollo1","disk.maxtotallatency.latest","12","millisecond","30.11.25 04:30:00","2025-11-30","04:30"
"VSA-Apollo1","disk.maxtotallatency.latest","12","millisecond","30.11.25 04:00:00","2025-11-30","04:00"
"VSA-Apollo1","disk.maxtotallatency.latest","12","millisecond","30.11.25 03:30:00","2025-11-30","03:30"
"VSA-Apollo1","disk.maxtotallatency.latest","11","millisecond","30.11.25 03:00:00","2025-11-30","03:00"
"VSA-Apollo1","disk.maxtotallatency.latest","18","millisecond","30.11.25 02:30:00","2025-11-30","02:30"
"VSA-Apollo1","disk.maxtotallatency.latest","17","millisecond","30.11.25 02:00:00","2025-11-30","02:00"
"VSA-Apollo1","disk.maxtotallatency.latest","18","millisecond","30.11.25 01:30:00","2025-11-30","01:30"
"VSA-Apollo1","disk.maxtotallatency.latest","24","millisecond","30.11.25 01:00:00","2025-11-30","01:00"
"VSA-Apollo1","disk.maxtotallatency.latest","23","millisecond","30.11.25 00:30:00","2025-11-30","00:30"
"VSA-Apollo1","disk.maxtotallatency.latest","33","millisecond","30.11.25 00:00:00","2025-11-30","00:00"
"VSA-Apollo1","disk.provisioned.latest","177432635080","KB","30.11.25 23:30:00","2025-11-30","23:30"
"VSA-Apollo1","disk.provisioned.latest","177432635080","KB","30.11.25 23:00:00","2025-11-30","23:00"
"VSA-Apollo1","disk.provisioned.latest","177432635080","KB","30.11.25 22:30:00","2025-11-30","22:30"
"VSA-Apollo1","disk.provisioned.latest","177432635080","KB","30.11.25 22:00:00","2025-11-30","22:00"
"VSA-Apollo1","disk.provisioned.latest","177432635080","KB","30.11.25 21:30:00","2025-11-30","21:30"
"VSA-Apollo1","disk.provisioned.latest","177432635080","KB","30.11.25 21:00:00","2025-11-30","21:00"
"VSA-Apollo1","disk.provisioned.latest","177432635080","KB","30.11.25 20:30:00","2025-11-30","20:30"
"VSA-Apollo1","disk.provisioned.latest","177432635080","KB","30.11.25 20:00:00","2025-11-30","20:00"
"VSA-Apollo1","disk.provisioned.latest","177432635080","KB","30.11.25 19:30:00","2025-11-30","19:30"
"VSA-Apollo1","disk.provisioned.latest","177432635080","KB","30.11.25 19:00:00","2025-11-30","19:00"
"VSA-Apollo1","disk.provisioned.latest","177432635080","KB","30.11.25 18:30:00","2025-11-30","18:30"
"VSA-Apollo1","disk.provisioned.latest","177432635080","KB","30.11.25 18:00:00","2025-11-30","18:00"
"VSA-Apollo1","disk.provisioned.latest","177432635080","KB","30.11.25 17:30:00","2025-11-30","17:30"
"VSA-Apollo1","disk.provisioned.latest","177432635080","KB","30.11.25 17:00:00","2025-11-30","17:00"
"VSA-Apollo1","disk.provisioned.latest","177432635080","KB","30.11.25 16:30:00","2025-11-30","16:30"
"VSA-Apollo1","disk.provisioned.latest","177432635080","KB","30.11.25 16:00:00","2025-11-30","16:00"
"VSA-Apollo1","disk.provisioned.latest","177432635080","KB","30.11.25 15:30:00","2025-11-30","15:30"
"VSA-Apollo1","disk.provisioned.latest","177432635080","KB","30.11.25 15:00:00","2025-11-30","15:00"
"VSA-Apollo1","disk.provisioned.latest","177432635080","KB","30.11.25 14:30:00","2025-11-30","14:30"
"VSA-Apollo1","disk.provisioned.latest","177432635080","KB","30.11.25 14:00:00","2025-11-30","14:00"
"VSA-Apollo1","disk.provisioned.latest","177432635080","KB","30.11.25 13:30:00","2025-11-30","13:30"
"VSA-Apollo1","disk.provisioned.latest","177432635080","KB","30.11.25 13:00:00","2025-11-30","13:00"
"VSA-Apollo1","disk.provisioned.latest","177432635080","KB","30.11.25 12:30:00","2025-11-30","12:30"
"VSA-Apollo1","disk.provisioned.latest","177432635080","KB","30.11.25 12:00:00","2025-11-30","12:00"
"VSA-Apollo1","disk.provisioned.latest","177432635080","KB","30.11.25 11:30:00","2025-11-30","11:30"
"VSA-Apollo1","disk.provisioned.latest","177432635080","KB","30.11.25 11:00:00","2025-11-30","11:00"
"VSA-Apollo1","disk.provisioned.latest","177432635080","KB","30.11.25 10:30:00","2025-11-30","10:30"
"VSA-Apollo1","disk.provisioned.latest","177432635080","KB","30.11.25 10:00:00","2025-11-30","10:00"
"VSA-Apollo1","disk.provisioned.latest","177432635080","KB","30.11.25 09:30:00","2025-11-30","09:30"
"VSA-Apollo1","disk.provisioned.latest","177432635080","KB","30.11.25 09:00:00","2025-11-30","09:00"
"VSA-Apollo1","disk.provisioned.latest","177432635080","KB","30.11.25 08:30:00","2025-11-30","08:30"
"VSA-Apollo1","disk.provisioned.latest","177432635080","KB","30.11.25 08:00:00","2025-11-30","08:00"
"VSA-Apollo1","disk.provisioned.latest","177432635080","KB","30.11.25 07:30:00","2025-11-30","07:30"
"VSA-Apollo1","disk.provisioned.latest","177432635080","KB","30.11.25 07:00:00","2025-11-30","07:00"
"VSA-Apollo1","disk.provisioned.latest","177432635080","KB","30.11.25 06:30:00","2025-11-30","06:30"
"VSA-Apollo1","disk.provisioned.latest","177432635080","KB","30.11.25 06:00:00","2025-11-30","06:00"
"VSA-Apollo1","disk.provisioned.latest","177432635080","KB","30.11.25 05:30:00","2025-11-30","05:30"
"VSA-Apollo1","disk.provisioned.latest","177432635080","KB","30.11.25 05:00:00","2025-11-30","05:00"
"VSA-Apollo1","disk.provisioned.latest","177432635080","KB","30.11.25 04:30:00","2025-11-30","04:30"
"VSA-Apollo1","disk.provisioned.latest","177432635080","KB","30.11.25 04:00:00","2025-11-30","04:00"
"VSA-Apollo1","disk.provisioned.latest","177432635080","KB","30.11.25 03:30:00","2025-11-30","03:30"
"VSA-Apollo1","disk.provisioned.latest","177432635080","KB","30.11.25 03:00:00","2025-11-30","03:00"
"VSA-Apollo1","disk.provisioned.latest","177432635080","KB","30.11.25 02:30:00","2025-11-30","02:30"
"VSA-Apollo1","disk.provisioned.latest","177432635080","KB","30.11.25 02:00:00","2025-11-30","02:00"
"VSA-Apollo1","disk.provisioned.latest","177432635080","KB","30.11.25 01:30:00","2025-11-30","01:30"
"VSA-Apollo1","disk.provisioned.latest","177432635080","KB","30.11.25 01:00:00","2025-11-30","01:00"
"VSA-Apollo1","disk.provisioned.latest","177432635080","KB","30.11.25 00:30:00","2025-11-30","00:30"
"VSA-Apollo1","disk.provisioned.latest","177432635080","KB","30.11.25 00:00:00","2025-11-30","00:00"
"VSA-Apollo1","disk.unshared.latest","177431642112","KB","30.11.25 23:30:00","2025-11-30","23:30"
"VSA-Apollo1","disk.unshared.latest","177431642112","KB","30.11.25 23:00:00","2025-11-30","23:00"
"VSA-Apollo1","disk.unshared.latest","177431642112","KB","30.11.25 22:30:00","2025-11-30","22:30"
"VSA-Apollo1","disk.unshared.latest","177431642112","KB","30.11.25 22:00:00","2025-11-30","22:00"
"VSA-Apollo1","disk.unshared.latest","177431642112","KB","30.11.25 21:30:00","2025-11-30","21:30"
"VSA-Apollo1","disk.unshared.latest","177431642112","KB","30.11.25 21:00:00","2025-11-30","21:00"
"VSA-Apollo1","disk.unshared.latest","177431642112","KB","30.11.25 20:30:00","2025-11-30","20:30"
"VSA-Apollo1","disk.unshared.latest","177431642112","KB","30.11.25 20:00:00","2025-11-30","20:00"
"VSA-Apollo1","disk.unshared.latest","177431642112","KB","30.11.25 19:30:00","2025-11-30","19:30"
"VSA-Apollo1","disk.unshared.latest","177431642112","KB","30.11.25 19:00:00","2025-11-30","19:00"
"VSA-Apollo1","disk.unshared.latest","177431642112","KB","30.11.25 18:30:00","2025-11-30","18:30"
"VSA-Apollo1","disk.unshared.latest","177431642112","KB","30.11.25 18:00:00","2025-11-30","18:00"
"VSA-Apollo1","disk.unshared.latest","177431642112","KB","30.11.25 17:30:00","2025-11-30","17:30"
"VSA-Apollo1","disk.unshared.latest","177431642112","KB","30.11.25 17:00:00","2025-11-30","17:00"
"VSA-Apollo1","disk.unshared.latest","177431642112","KB","30.11.25 16:30:00","2025-11-30","16:30"
"VSA-Apollo1","disk.unshared.latest","177431642112","KB","30.11.25 16:00:00","2025-11-30","16:00"
"VSA-Apollo1","disk.unshared.latest","177431642112","KB","30.11.25 15:30:00","2025-11-30","15:30"
"VSA-Apollo1","disk.unshared.latest","177431642112","KB","30.11.25 15:00:00","2025-11-30","15:00"
"VSA-Apollo1","disk.unshared.latest","177431642112","KB","30.11.25 14:30:00","2025-11-30","14:30"
"VSA-Apollo1","disk.unshared.latest","177431642112","KB","30.11.25 14:00:00","2025-11-30","14:00"
"VSA-Apollo1","disk.unshared.latest","177431642112","KB","30.11.25 13:30:00","2025-11-30","13:30"
"VSA-Apollo1","disk.unshared.latest","177431642112","KB","30.11.25 13:00:00","2025-11-30","13:00"
"VSA-Apollo1","disk.unshared.latest","177431642112","KB","30.11.25 12:30:00","2025-11-30","12:30"
"VSA-Apollo1","disk.unshared.latest","177431642112","KB","30.11.25 12:00:00","2025-11-30","12:00"
"VSA-Apollo1","disk.unshared.latest","177431642112","KB","30.11.25 11:30:00","2025-11-30","11:30"
"VSA-Apollo1","disk.unshared.latest","177431642112","KB","30.11.25 11:00:00","2025-11-30","11:00"
"VSA-Apollo1","disk.unshared.latest","177431642112","KB","30.11.25 10:30:00","2025-11-30","10:30"
"VSA-Apollo1","disk.unshared.latest","177431642112","KB","30.11.25 10:00:00","2025-11-30","10:00"
"VSA-Apollo1","disk.unshared.latest","177431642112","KB","30.11.25 09:30:00","2025-11-30","09:30"
"VSA-Apollo1","disk.unshared.latest","177431642112","KB","30.11.25 09:00:00","2025-11-30","09:00"
"VSA-Apollo1","disk.unshared.latest","177431642112","KB","30.11.25 08:30:00","2025-11-30","08:30"
"VSA-Apollo1","disk.unshared.latest","177431642112","KB","30.11.25 08:00:00","2025-11-30","08:00"
"VSA-Apollo1","disk.unshared.latest","177431642112","KB","30.11.25 07:30:00","2025-11-30","07:30"
"VSA-Apollo1","disk.unshared.latest","177431642112","KB","30.11.25 07:00:00","2025-11-30","07:00"
"VSA-Apollo1","disk.unshared.latest","177431642112","KB","30.11.25 06:30:00","2025-11-30","06:30"
"VSA-Apollo1","disk.unshared.latest","177431642112","KB","30.11.25 06:00:00","2025-11-30","06:00"
"VSA-Apollo1","disk.unshared.latest","177431642112","KB","30.11.25 05:30:00","2025-11-30","05:30"
"VSA-Apollo1","disk.unshared.latest","177431642112","KB","30.11.25 05:00:00","2025-11-30","05:00"
"VSA-Apollo1","disk.unshared.latest","177431642112","KB","30.11.25 04:30:00","2025-11-30","04:30"
"VSA-Apollo1","disk.unshared.latest","177431642112","KB","30.11.25 04:00:00","2025-11-30","04:00"
"VSA-Apollo1","disk.unshared.latest","177431642112","KB","30.11.25 03:30:00","2025-11-30","03:30"
"VSA-Apollo1","disk.unshared.latest","177431642112","KB","30.11.25 03:00:00","2025-11-30","03:00"
"VSA-Apollo1","disk.unshared.latest","177431642112","KB","30.11.25 02:30:00","2025-11-30","02:30"
"VSA-Apollo1","disk.unshared.latest","177431642112","KB","30.11.25 02:00:00","2025-11-30","02:00"
"VSA-Apollo1","disk.unshared.latest","177431642112","KB","30.11.25 01:30:00","2025-11-30","01:30"
"VSA-Apollo1","disk.unshared.latest","177431642112","KB","30.11.25 01:00:00","2025-11-30","01:00"
"VSA-Apollo1","disk.unshared.latest","177431642112","KB","30.11.25 00:30:00","2025-11-30","00:30"
"VSA-Apollo1","disk.unshared.latest","177431642112","KB","30.11.25 00:00:00","2025-11-30","00:00"
"VSA-Apollo1","disk.usage.average","91852","KBps","30.11.25 23:30:00","2025-11-30","23:30"
"VSA-Apollo1","disk.usage.average","150249","KBps","30.11.25 23:00:00","2025-11-30","23:00"
"VSA-Apollo1","disk.usage.average","163143","KBps","30.11.25 22:30:00","2025-11-30","22:30"
"VSA-Apollo1","disk.usage.average","367501","KBps","30.11.25 22:00:00","2025-11-30","22:00"
"VSA-Apollo1","disk.usage.average","360606","KBps","30.11.25 21:30:00","2025-11-30","21:30"
"VSA-Apollo1","disk.usage.average","389942","KBps","30.11.25 21:00:00","2025-11-30","21:00"
"VSA-Apollo1","disk.usage.average","511420","KBps","30.11.25 20:30:00","2025-11-30","20:30"
"VSA-Apollo1","disk.usage.average","504805","KBps","30.11.25 20:00:00","2025-11-30","20:00"
"VSA-Apollo1","disk.usage.average","472322","KBps","30.11.25 19:30:00","2025-11-30","19:30"
"VSA-Apollo1","disk.usage.average","445430","KBps","30.11.25 19:00:00","2025-11-30","19:00"
"VSA-Apollo1","disk.usage.average","281192","KBps","30.11.25 18:30:00","2025-11-30","18:30"
"VSA-Apollo1","disk.usage.average","292586","KBps","30.11.25 18:00:00","2025-11-30","18:00"
"VSA-Apollo1","disk.usage.average","345512","KBps","30.11.25 17:30:00","2025-11-30","17:30"
"VSA-Apollo1","disk.usage.average","356626","KBps","30.11.25 17:00:00","2025-11-30","17:00"
"VSA-Apollo1","disk.usage.average","365942","KBps","30.11.25 16:30:00","2025-11-30","16:30"
"VSA-Apollo1","disk.usage.average","360935","KBps","30.11.25 16:00:00","2025-11-30","16:00"
"VSA-Apollo1","disk.usage.average","385536","KBps","30.11.25 15:30:00","2025-11-30","15:30"
"VSA-Apollo1","disk.usage.average","392372","KBps","30.11.25 15:00:00","2025-11-30","15:00"
"VSA-Apollo1","disk.usage.average","346063","KBps","30.11.25 14:30:00","2025-11-30","14:30"
"VSA-Apollo1","disk.usage.average","375343","KBps","30.11.25 14:00:00","2025-11-30","14:00"
"VSA-Apollo1","disk.usage.average","347053","KBps","30.11.25 13:30:00","2025-11-30","13:30"
"VSA-Apollo1","disk.usage.average","328911","KBps","30.11.25 13:00:00","2025-11-30","13:00"
"VSA-Apollo1","disk.usage.average","292297","KBps","30.11.25 12:30:00","2025-11-30","12:30"
"VSA-Apollo1","disk.usage.average","330136","KBps","30.11.25 12:00:00","2025-11-30","12:00"
"VSA-Apollo1","disk.usage.average","248286","KBps","30.11.25 11:30:00","2025-11-30","11:30"
"VSA-Apollo1","disk.usage.average","255130","KBps","30.11.25 11:00:00","2025-11-30","11:00"
"VSA-Apollo1","disk.usage.average","299025","KBps","30.11.25 10:30:00","2025-11-30","10:30"
"VSA-Apollo1","disk.usage.average","382360","KBps","30.11.25 10:00:00","2025-11-30","10:00"
"VSA-Apollo1","disk.usage.average","187355","KBps","30.11.25 09:30:00","2025-11-30","09:30"
"VSA-Apollo1","disk.usage.average","217855","KBps","30.11.25 09:00:00","2025-11-30","09:00"
"VSA-Apollo1","disk.usage.average","94488","KBps","30.11.25 08:30:00","2025-11-30","08:30"
"VSA-Apollo1","disk.usage.average","92303","KBps","30.11.25 08:00:00","2025-11-30","08:00"
"VSA-Apollo1","disk.usage.average","80675","KBps","30.11.25 07:30:00","2025-11-30","07:30"
"VSA-Apollo1","disk.usage.average","88166","KBps","30.11.25 07:00:00","2025-11-30","07:00"
"VSA-Apollo1","disk.usage.average","87813","KBps","30.11.25 06:30:00","2025-11-30","06:30"
"VSA-Apollo1","disk.usage.average","82018","KBps","30.11.25 06:00:00","2025-11-30","06:00"
"VSA-Apollo1","disk.usage.average","86742","KBps","30.11.25 05:30:00","2025-11-30","05:30"
"VSA-Apollo1","disk.usage.average","89531","KBps","30.11.25 05:00:00","2025-11-30","05:00"
"VSA-Apollo1","disk.usage.average","93608","KBps","30.11.25 04:30:00","2025-11-30","04:30"
"VSA-Apollo1","disk.usage.average","120039","KBps","30.11.25 04:00:00","2025-11-30","04:00"
"VSA-Apollo1","disk.usage.average","174672","KBps","30.11.25 03:30:00","2025-11-30","03:30"
"VSA-Apollo1","disk.usage.average","153045","KBps","30.11.25 03:00:00","2025-11-30","03:00"
"VSA-Apollo1","disk.usage.average","75088","KBps","30.11.25 02:30:00","2025-11-30","02:30"
"VSA-Apollo1","disk.usage.average","77968","KBps","30.11.25 02:00:00","2025-11-30","02:00"
"VSA-Apollo1","disk.usage.average","72118","KBps","30.11.25 01:30:00","2025-11-30","01:30"
"VSA-Apollo1","disk.usage.average","176114","KBps","30.11.25 01:00:00","2025-11-30","01:00"
"VSA-Apollo1","disk.usage.average","257150","KBps","30.11.25 00:30:00","2025-11-30","00:30"
"VSA-Apollo1","disk.usage.average","276245","KBps","30.11.25 00:00:00","2025-11-30","00:00"
"VSA-Apollo1","disk.used.latest","177432635075","KB","30.11.25 23:30:00","2025-11-30","23:30"
"VSA-Apollo1","disk.used.latest","177432635075","KB","30.11.25 23:00:00","2025-11-30","23:00"
"VSA-Apollo1","disk.used.latest","177432635075","KB","30.11.25 22:30:00","2025-11-30","22:30"
"VSA-Apollo1","disk.used.latest","177432635075","KB","30.11.25 22:00:00","2025-11-30","22:00"
"VSA-Apollo1","disk.used.latest","177432635075","KB","30.11.25 21:30:00","2025-11-30","21:30"
"VSA-Apollo1","disk.used.latest","177432635075","KB","30.11.25 21:00:00","2025-11-30","21:00"
"VSA-Apollo1","disk.used.latest","177432635075","KB","30.11.25 20:30:00","2025-11-30","20:30"
"VSA-Apollo1","disk.used.latest","177432635075","KB","30.11.25 20:00:00","2025-11-30","20:00"
"VSA-Apollo1","disk.used.latest","177432635075","KB","30.11.25 19:30:00","2025-11-30","19:30"
"VSA-Apollo1","disk.used.latest","177432635075","KB","30.11.25 19:00:00","2025-11-30","19:00"
"VSA-Apollo1","disk.used.latest","177432635075","KB","30.11.25 18:30:00","2025-11-30","18:30"
"VSA-Apollo1","disk.used.latest","177432635075","KB","30.11.25 18:00:00","2025-11-30","18:00"
"VSA-Apollo1","disk.used.latest","177432635075","KB","30.11.25 17:30:00","2025-11-30","17:30"
"VSA-Apollo1","disk.used.latest","177432635075","KB","30.11.25 17:00:00","2025-11-30","17:00"
"VSA-Apollo1","disk.used.latest","177432635075","KB","30.11.25 16:30:00","2025-11-30","16:30"
"VSA-Apollo1","disk.used.latest","177432635075","KB","30.11.25 16:00:00","2025-11-30","16:00"
"VSA-Apollo1","disk.used.latest","177432635075","KB","30.11.25 15:30:00","2025-11-30","15:30"
"VSA-Apollo1","disk.used.latest","177432635075","KB","30.11.25 15:00:00","2025-11-30","15:00"
"VSA-Apollo1","disk.used.latest","177432635075","KB","30.11.25 14:30:00","2025-11-30","14:30"
"VSA-Apollo1","disk.used.latest","177432635075","KB","30.11.25 14:00:00","2025-11-30","14:00"
"VSA-Apollo1","disk.used.latest","177432635075","KB","30.11.25 13:30:00","2025-11-30","13:30"
"VSA-Apollo1","disk.used.latest","177432635075","KB","30.11.25 13:00:00","2025-11-30","13:00"
"VSA-Apollo1","disk.used.latest","177432635075","KB","30.11.25 12:30:00","2025-11-30","12:30"
"VSA-Apollo1","disk.used.latest","177432635075","KB","30.11.25 12:00:00","2025-11-30","12:00"
"VSA-Apollo1","disk.used.latest","177432635075","KB","30.11.25 11:30:00","2025-11-30","11:30"
"VSA-Apollo1","disk.used.latest","177432635075","KB","30.11.25 11:00:00","2025-11-30","11:00"
"VSA-Apollo1","disk.used.latest","177432635075","KB","30.11.25 10:30:00","2025-11-30","10:30"
"VSA-Apollo1","disk.used.latest","177432635075","KB","30.11.25 10:00:00","2025-11-30","10:00"
"VSA-Apollo1","disk.used.latest","177432635075","KB","30.11.25 09:30:00","2025-11-30","09:30"
"VSA-Apollo1","disk.used.latest","177432635075","KB","30.11.25 09:00:00","2025-11-30","09:00"
"VSA-Apollo1","disk.used.latest","177432635075","KB","30.11.25 08:30:00","2025-11-30","08:30"
"VSA-Apollo1","disk.used.latest","177432635075","KB","30.11.25 08:00:00","2025-11-30","08:00"
"VSA-Apollo1","disk.used.latest","177432635075","KB","30.11.25 07:30:00","2025-11-30","07:30"
"VSA-Apollo1","disk.used.latest","177432635075","KB","30.11.25 07:00:00","2025-11-30","07:00"
"VSA-Apollo1","disk.used.latest","177432635075","KB","30.11.25 06:30:00","2025-11-30","06:30"
"VSA-Apollo1","disk.used.latest","177432635075","KB","30.11.25 06:00:00","2025-11-30","06:00"
"VSA-Apollo1","disk.used.latest","177432635075","KB","30.11.25 05:30:00","2025-11-30","05:30"
"VSA-Apollo1","disk.used.latest","177432635075","KB","30.11.25 05:00:00","2025-11-30","05:00"
"VSA-Apollo1","disk.used.latest","177432635075","KB","30.11.25 04:30:00","2025-11-30","04:30"
"VSA-Apollo1","disk.used.latest","177432635075","KB","30.11.25 04:00:00","2025-11-30","04:00"
"VSA-Apollo1","disk.used.latest","177432635075","KB","30.11.25 03:30:00","2025-11-30","03:30"
"VSA-Apollo1","disk.used.latest","177432635075","KB","30.11.25 03:00:00","2025-11-30","03:00"
"VSA-Apollo1","disk.used.latest","177432635075","KB","30.11.25 02:30:00","2025-11-30","02:30"
"VSA-Apollo1","disk.used.latest","177432635075","KB","30.11.25 02:00:00","2025-11-30","02:00"
"VSA-Apollo1","disk.used.latest","177432635075","KB","30.11.25 01:30:00","2025-11-30","01:30"
"VSA-Apollo1","disk.used.latest","177432635075","KB","30.11.25 01:00:00","2025-11-30","01:00"
"VSA-Apollo1","disk.used.latest","177432635075","KB","30.11.25 00:30:00","2025-11-30","00:30"
"VSA-Apollo1","disk.used.latest","177432635075","KB","30.11.25 00:00:00","2025-11-30","00:00"
"VSA-Apollo1","disk.used.latest","0","KB","30.11.25 23:30:00","2025-11-30","23:30"
"VSA-Apollo1","disk.used.latest","0","KB","30.11.25 23:00:00","2025-11-30","23:00"
"VSA-Apollo1","disk.used.latest","0","KB","30.11.25 22:30:00","2025-11-30","22:30"
"VSA-Apollo1","disk.used.latest","0","KB","30.11.25 22:00:00","2025-11-30","22:00"
"VSA-Apollo1","disk.used.latest","0","KB","30.11.25 21:30:00","2025-11-30","21:30"
"VSA-Apollo1","disk.used.latest","0","KB","30.11.25 21:00:00","2025-11-30","21:00"
"VSA-Apollo1","disk.used.latest","0","KB","30.11.25 20:30:00","2025-11-30","20:30"
"VSA-Apollo1","disk.used.latest","0","KB","30.11.25 20:00:00","2025-11-30","20:00"
"VSA-Apollo1","disk.used.latest","0","KB","30.11.25 19:30:00","2025-11-30","19:30"
"VSA-Apollo1","disk.used.latest","0","KB","30.11.25 19:00:00","2025-11-30","19:00"
"VSA-Apollo1","disk.used.latest","0","KB","30.11.25 18:30:00","2025-11-30","18:30"
"VSA-Apollo1","disk.used.latest","0","KB","30.11.25 18:00:00","2025-11-30","18:00"
"VSA-Apollo1","disk.used.latest","0","KB","30.11.25 17:30:00","2025-11-30","17:30"
"VSA-Apollo1","disk.used.latest","0","KB","30.11.25 17:00:00","2025-11-30","17:00"
"VSA-Apollo1","disk.used.latest","0","KB","30.11.25 16:30:00","2025-11-30","16:30"
"VSA-Apollo1","disk.used.latest","0","KB","30.11.25 16:00:00","2025-11-30","16:00"
"VSA-Apollo1","disk.used.latest","0","KB","30.11.25 15:30:00","2025-11-30","15:30"
"VSA-Apollo1","disk.used.latest","0","KB","30.11.25 15:00:00","2025-11-30","15:00"
"VSA-Apollo1","disk.used.latest","0","KB","30.11.25 14:30:00","2025-11-30","14:30"
"VSA-Apollo1","disk.used.latest","0","KB","30.11.25 14:00:00","2025-11-30","14:00"
"VSA-Apollo1","disk.used.latest","0","KB","30.11.25 13:30:00","2025-11-30","13:30"
"VSA-Apollo1","disk.used.latest","0","KB","30.11.25 13:00:00","2025-11-30","13:00"
"VSA-Apollo1","disk.used.latest","0","KB","30.11.25 12:30:00","2025-11-30","12:30"
"VSA-Apollo1","disk.used.latest","0","KB","30.11.25 12:00:00","2025-11-30","12:00"
"VSA-Apollo1","disk.used.latest","0","KB","30.11.25 11:30:00","2025-11-30","11:30"
"VSA-Apollo1","disk.used.latest","0","KB","30.11.25 11:00:00","2025-11-30","11:00"
"VSA-Apollo1","disk.used.latest","0","KB","30.11.25 10:30:00","2025-11-30","10:30"
"VSA-Apollo1","disk.used.latest","0","KB","30.11.25 10:00:00","2025-11-30","10:00"
"VSA-Apollo1","disk.used.latest","0","KB","30.11.25 09:30:00","2025-11-30","09:30"
"VSA-Apollo1","disk.used.latest","0","KB","30.11.25 09:00:00","2025-11-30","09:00"
"VSA-Apollo1","disk.used.latest","0","KB","30.11.25 08:30:00","2025-11-30","08:30"
"VSA-Apollo1","disk.used.latest","0","KB","30.11.25 08:00:00","2025-11-30","08:00"
"VSA-Apollo1","disk.used.latest","0","KB","30.11.25 07:30:00","2025-11-30","07:30"
"VSA-Apollo1","disk.used.latest","0","KB","30.11.25 07:00:00","2025-11-30","07:00"
"VSA-Apollo1","disk.used.latest","0","KB","30.11.25 06:30:00","2025-11-30","06:30"
"VSA-Apollo1","disk.used.latest","0","KB","30.11.25 06:00:00","2025-11-30","06:00"
"VSA-Apollo1","disk.used.latest","0","KB","30.11.25 05:30:00","2025-11-30","05:30"
"VSA-Apollo1","disk.used.latest","0","KB","30.11.25 05:00:00","2025-11-30","05:00"
"VSA-Apollo1","disk.used.latest","0","KB","30.11.25 04:30:00","2025-11-30","04:30"
"VSA-Apollo1","disk.used.latest","0","KB","30.11.25 04:00:00","2025-11-30","04:00"
"VSA-Apollo1","disk.used.latest","0","KB","30.11.25 03:30:00","2025-11-30","03:30"
"VSA-Apollo1","disk.used.latest","0","KB","30.11.25 03:00:00","2025-11-30","03:00"
"VSA-Apollo1","disk.used.latest","0","KB","30.11.25 02:30:00","2025-11-30","02:30"
"VSA-Apollo1","disk.used.latest","0","KB","30.11.25 02:00:00","2025-11-30","02:00"
"VSA-Apollo1","disk.used.latest","0","KB","30.11.25 01:30:00","2025-11-30","01:30"
"VSA-Apollo1","disk.used.latest","0","KB","30.11.25 01:00:00","2025-11-30","01:00"
"VSA-Apollo1","disk.used.latest","0","KB","30.11.25 00:30:00","2025-11-30","00:30"
"VSA-Apollo1","disk.used.latest","0","KB","30.11.25 00:00:00","2025-11-30","00:00"
"VSA-Apollo1","disk.used.latest","177431642112","KB","30.11.25 23:30:00","2025-11-30","23:30"
"VSA-Apollo1","disk.used.latest","177431642112","KB","30.11.25 23:00:00","2025-11-30","23:00"
"VSA-Apollo1","disk.used.latest","177431642112","KB","30.11.25 22:30:00","2025-11-30","22:30"
"VSA-Apollo1","disk.used.latest","177431642112","KB","30.11.25 22:00:00","2025-11-30","22:00"
"VSA-Apollo1","disk.used.latest","177431642112","KB","30.11.25 21:30:00","2025-11-30","21:30"
"VSA-Apollo1","disk.used.latest","177431642112","KB","30.11.25 21:00:00","2025-11-30","21:00"
"VSA-Apollo1","disk.used.latest","177431642112","KB","30.11.25 20:30:00","2025-11-30","20:30"
"VSA-Apollo1","disk.used.latest","177431642112","KB","30.11.25 20:00:00","2025-11-30","20:00"
"VSA-Apollo1","disk.used.latest","177431642112","KB","30.11.25 19:30:00","2025-11-30","19:30"
"VSA-Apollo1","disk.used.latest","177431642112","KB","30.11.25 19:00:00","2025-11-30","19:00"
"VSA-Apollo1","disk.used.latest","177431642112","KB","30.11.25 18:30:00","2025-11-30","18:30"
"VSA-Apollo1","disk.used.latest","177431642112","KB","30.11.25 18:00:00","2025-11-30","18:00"
"VSA-Apollo1","disk.used.latest","177431642112","KB","30.11.25 17:30:00","2025-11-30","17:30"
"VSA-Apollo1","disk.used.latest","177431642112","KB","30.11.25 17:00:00","2025-11-30","17:00"
"VSA-Apollo1","disk.used.latest","177431642112","KB","30.11.25 16:30:00","2025-11-30","16:30"
"VSA-Apollo1","disk.used.latest","177431642112","KB","30.11.25 16:00:00","2025-11-30","16:00"
"VSA-Apollo1","disk.used.latest","177431642112","KB","30.11.25 15:30:00","2025-11-30","15:30"
"VSA-Apollo1","disk.used.latest","177431642112","KB","30.11.25 15:00:00","2025-11-30","15:00"
"VSA-Apollo1","disk.used.latest","177431642112","KB","30.11.25 14:30:00","2025-11-30","14:30"
"VSA-Apollo1","disk.used.latest","177431642112","KB","30.11.25 14:00:00","2025-11-30","14:00"
"VSA-Apollo1","disk.used.latest","177431642112","KB","30.11.25 13:30:00","2025-11-30","13:30"
"VSA-Apollo1","disk.used.latest","177431642112","KB","30.11.25 13:00:00","2025-11-30","13:00"
"VSA-Apollo1","disk.used.latest","177431642112","KB","30.11.25 12:30:00","2025-11-30","12:30"
"VSA-Apollo1","disk.used.latest","177431642112","KB","30.11.25 12:00:00","2025-11-30","12:00"
"VSA-Apollo1","disk.used.latest","177431642112","KB","30.11.25 11:30:00","2025-11-30","11:30"
"VSA-Apollo1","disk.used.latest","177431642112","KB","30.11.25 11:00:00","2025-11-30","11:00"
"VSA-Apollo1","disk.used.latest","177431642112","KB","30.11.25 10:30:00","2025-11-30","10:30"
"VSA-Apollo1","disk.used.latest","177431642112","KB","30.11.25 10:00:00","2025-11-30","10:00"
"VSA-Apollo1","disk.used.latest","177431642112","KB","30.11.25 09:30:00","2025-11-30","09:30"
"VSA-Apollo1","disk.used.latest","177431642112","KB","30.11.25 09:00:00","2025-11-30","09:00"
"VSA-Apollo1","disk.used.latest","177431642112","KB","30.11.25 08:30:00","2025-11-30","08:30"
"VSA-Apollo1","disk.used.latest","177431642112","KB","30.11.25 08:00:00","2025-11-30","08:00"
"VSA-Apollo1","disk.used.latest","177431642112","KB","30.11.25 07:30:00","2025-11-30","07:30"
"VSA-Apollo1","disk.used.latest","177431642112","KB","30.11.25 07:00:00","2025-11-30","07:00"
"VSA-Apollo1","disk.used.latest","177431642112","KB","30.11.25 06:30:00","2025-11-30","06:30"
"VSA-Apollo1","disk.used.latest","177431642112","KB","30.11.25 06:00:00","2025-11-30","06:00"
"VSA-Apollo1","disk.used.latest","177431642112","KB","30.11.25 05:30:00","2025-11-30","05:30"
"VSA-Apollo1","disk.used.latest","177431642112","KB","30.11.25 05:00:00","2025-11-30","05:00"
"VSA-Apollo1","disk.used.latest","177431642112","KB","30.11.25 04:30:00","2025-11-30","04:30"
"VSA-Apollo1","disk.used.latest","177431642112","KB","30.11.25 04:00:00","2025-11-30","04:00"
"VSA-Apollo1","disk.used.latest","177431642112","KB","30.11.25 03:30:00","2025-11-30","03:30"
"VSA-Apollo1","disk.used.latest","177431642112","KB","30.11.25 03:00:00","2025-11-30","03:00"
"VSA-Apollo1","disk.used.latest","177431642112","KB","30.11.25 02:30:00","2025-11-30","02:30"
"VSA-Apollo1","disk.used.latest","177431642112","KB","30.11.25 02:00:00","2025-11-30","02:00"
"VSA-Apollo1","disk.used.latest","177431642112","KB","30.11.25 01:30:00","2025-11-30","01:30"
"VSA-Apollo1","disk.used.latest","177431642112","KB","30.11.25 01:00:00","2025-11-30","01:00"
"VSA-Apollo1","disk.used.latest","177431642112","KB","30.11.25 00:30:00","2025-11-30","00:30"
"VSA-Apollo1","disk.used.latest","177431642112","KB","30.11.25 00:00:00","2025-11-30","00:00"
"VSA-Apollo1","disk.used.latest","992963","KB","30.11.25 23:30:00","2025-11-30","23:30"
"VSA-Apollo1","disk.used.latest","992963","KB","30.11.25 23:00:00","2025-11-30","23:00"
"VSA-Apollo1","disk.used.latest","992963","KB","30.11.25 22:30:00","2025-11-30","22:30"
"VSA-Apollo1","disk.used.latest","992963","KB","30.11.25 22:00:00","2025-11-30","22:00"
"VSA-Apollo1","disk.used.latest","992963","KB","30.11.25 21:30:00","2025-11-30","21:30"
"VSA-Apollo1","disk.used.latest","992963","KB","30.11.25 21:00:00","2025-11-30","21:00"
"VSA-Apollo1","disk.used.latest","992963","KB","30.11.25 20:30:00","2025-11-30","20:30"
"VSA-Apollo1","disk.used.latest","992963","KB","30.11.25 20:00:00","2025-11-30","20:00"
"VSA-Apollo1","disk.used.latest","992963","KB","30.11.25 19:30:00","2025-11-30","19:30"
"VSA-Apollo1","disk.used.latest","992963","KB","30.11.25 19:00:00","2025-11-30","19:00"
"VSA-Apollo1","disk.used.latest","992963","KB","30.11.25 18:30:00","2025-11-30","18:30"
"VSA-Apollo1","disk.used.latest","992963","KB","30.11.25 18:00:00","2025-11-30","18:00"
"VSA-Apollo1","disk.used.latest","992963","KB","30.11.25 17:30:00","2025-11-30","17:30"
"VSA-Apollo1","disk.used.latest","992963","KB","30.11.25 17:00:00","2025-11-30","17:00"
"VSA-Apollo1","disk.used.latest","992963","KB","30.11.25 16:30:00","2025-11-30","16:30"
"VSA-Apollo1","disk.used.latest","992963","KB","30.11.25 16:00:00","2025-11-30","16:00"
"VSA-Apollo1","disk.used.latest","992963","KB","30.11.25 15:30:00","2025-11-30","15:30"
"VSA-Apollo1","disk.used.latest","992963","KB","30.11.25 15:00:00","2025-11-30","15:00"
"VSA-Apollo1","disk.used.latest","992963","KB","30.11.25 14:30:00","2025-11-30","14:30"
"VSA-Apollo1","disk.used.latest","992963","KB","30.11.25 14:00:00","2025-11-30","14:00"
"VSA-Apollo1","disk.used.latest","992963","KB","30.11.25 13:30:00","2025-11-30","13:30"
"VSA-Apollo1","disk.used.latest","992963","KB","30.11.25 13:00:00","2025-11-30","13:00"
"VSA-Apollo1","disk.used.latest","992963","KB","30.11.25 12:30:00","2025-11-30","12:30"
"VSA-Apollo1","disk.used.latest","992963","KB","30.11.25 12:00:00","2025-11-30","12:00"
"VSA-Apollo1","disk.used.latest","992963","KB","30.11.25 11:30:00","2025-11-30","11:30"
"VSA-Apollo1","disk.used.latest","992963","KB","30.11.25 11:00:00","2025-11-30","11:00"
"VSA-Apollo1","disk.used.latest","992963","KB","30.11.25 10:30:00","2025-11-30","10:30"
"VSA-Apollo1","disk.used.latest","992963","KB","30.11.25 10:00:00","2025-11-30","10:00"
"VSA-Apollo1","disk.used.latest","992963","KB","30.11.25 09:30:00","2025-11-30","09:30"
"VSA-Apollo1","disk.used.latest","992963","KB","30.11.25 09:00:00","2025-11-30","09:00"
"VSA-Apollo1","disk.used.latest","992963","KB","30.11.25 08:30:00","2025-11-30","08:30"
"VSA-Apollo1","disk.used.latest","992963","KB","30.11.25 08:00:00","2025-11-30","08:00"
"VSA-Apollo1","disk.used.latest","992963","KB","30.11.25 07:30:00","2025-11-30","07:30"
"VSA-Apollo1","disk.used.latest","992963","KB","30.11.25 07:00:00","2025-11-30","07:00"
"VSA-Apollo1","disk.used.latest","992963","KB","30.11.25 06:30:00","2025-11-30","06:30"
"VSA-Apollo1","disk.used.latest","992963","KB","30.11.25 06:00:00","2025-11-30","06:00"
"VSA-Apollo1","disk.used.latest","992963","KB","30.11.25 05:30:00","2025-11-30","05:30"
"VSA-Apollo1","disk.used.latest","992963","KB","30.11.25 05:00:00","2025-11-30","05:00"
"VSA-Apollo1","disk.used.latest","992963","KB","30.11.25 04:30:00","2025-11-30","04:30"
"VSA-Apollo1","disk.used.latest","992963","KB","30.11.25 04:00:00","2025-11-30","04:00"
"VSA-Apollo1","disk.used.latest","992963","KB","30.11.25 03:30:00","2025-11-30","03:30"
"VSA-Apollo1","disk.used.latest","992963","KB","30.11.25 03:00:00","2025-11-30","03:00"
"VSA-Apollo1","disk.used.latest","992963","KB","30.11.25 02:30:00","2025-11-30","02:30"
"VSA-Apollo1","disk.used.latest","992963","KB","30.11.25 02:00:00","2025-11-30","02:00"
"VSA-Apollo1","disk.used.latest","992963","KB","30.11.25 01:30:00","2025-11-30","01:30"
"VSA-Apollo1","disk.used.latest","992963","KB","30.11.25 01:00:00","2025-11-30","01:00"
"VSA-Apollo1","disk.used.latest","992963","KB","30.11.25 00:30:00","2025-11-30","00:30"
"VSA-Apollo1","disk.used.latest","992963","KB","30.11.25 00:00:00","2025-11-30","00:00"
"VSA-Apollo1","disk.used.latest","0","KB","30.11.25 23:30:00","2025-11-30","23:30"
"VSA-Apollo1","disk.used.latest","0","KB","30.11.25 23:00:00","2025-11-30","23:00"
"VSA-Apollo1","disk.used.latest","0","KB","30.11.25 22:30:00","2025-11-30","22:30"
"VSA-Apollo1","disk.used.latest","0","KB","30.11.25 22:00:00","2025-11-30","22:00"
"VSA-Apollo1","disk.used.latest","0","KB","30.11.25 21:30:00","2025-11-30","21:30"
"VSA-Apollo1","disk.used.latest","0","KB","30.11.25 21:00:00","2025-11-30","21:00"
"VSA-Apollo1","disk.used.latest","0","KB","30.11.25 20:30:00","2025-11-30","20:30"
"VSA-Apollo1","disk.used.latest","0","KB","30.11.25 20:00:00","2025-11-30","20:00"
"VSA-Apollo1","disk.used.latest","0","KB","30.11.25 19:30:00","2025-11-30","19:30"
"VSA-Apollo1","disk.used.latest","0","KB","30.11.25 19:00:00","2025-11-30","19:00"
"VSA-Apollo1","disk.used.latest","0","KB","30.11.25 18:30:00","2025-11-30","18:30"
"VSA-Apollo1","disk.used.latest","0","KB","30.11.25 18:00:00","2025-11-30","18:00"
"VSA-Apollo1","disk.used.latest","0","KB","30.11.25 17:30:00","2025-11-30","17:30"
"VSA-Apollo1","disk.used.latest","0","KB","30.11.25 17:00:00","2025-11-30","17:00"
"VSA-Apollo1","disk.used.latest","0","KB","30.11.25 16:30:00","2025-11-30","16:30"
"VSA-Apollo1","disk.used.latest","0","KB","30.11.25 16:00:00","2025-11-30","16:00"
"VSA-Apollo1","disk.used.latest","0","KB","30.11.25 15:30:00","2025-11-30","15:30"
"VSA-Apollo1","disk.used.latest","0","KB","30.11.25 15:00:00","2025-11-30","15:00"
"VSA-Apollo1","disk.used.latest","0","KB","30.11.25 14:30:00","2025-11-30","14:30"
"VSA-Apollo1","disk.used.latest","0","KB","30.11.25 14:00:00","2025-11-30","14:00"
"VSA-Apollo1","disk.used.latest","0","KB","30.11.25 13:30:00","2025-11-30","13:30"
"VSA-Apollo1","disk.used.latest","0","KB","30.11.25 13:00:00","2025-11-30","13:00"
"VSA-Apollo1","disk.used.latest","0","KB","30.11.25 12:30:00","2025-11-30","12:30"
"VSA-Apollo1","disk.used.latest","0","KB","30.11.25 12:00:00","2025-11-30","12:00"
"VSA-Apollo1","disk.used.latest","0","KB","30.11.25 11:30:00","2025-11-30","11:30"
"VSA-Apollo1","disk.used.latest","0","KB","30.11.25 11:00:00","2025-11-30","11:00"
"VSA-Apollo1","disk.used.latest","0","KB","30.11.25 10:30:00","2025-11-30","10:30"
"VSA-Apollo1","disk.used.latest","0","KB","30.11.25 10:00:00","2025-11-30","10:00"
"VSA-Apollo1","disk.used.latest","0","KB","30.11.25 09:30:00","2025-11-30","09:30"
"VSA-Apollo1","disk.used.latest","0","KB","30.11.25 09:00:00","2025-11-30","09:00"
"VSA-Apollo1","disk.used.latest","0","KB","30.11.25 08:30:00","2025-11-30","08:30"
"VSA-Apollo1","disk.used.latest","0","KB","30.11.25 08:00:00","2025-11-30","08:00"
"VSA-Apollo1","disk.used.latest","0","KB","30.11.25 07:30:00","2025-11-30","07:30"
"VSA-Apollo1","disk.used.latest","0","KB","30.11.25 07:00:00","2025-11-30","07:00"
"VSA-Apollo1","disk.used.latest","0","KB","30.11.25 06:30:00","2025-11-30","06:30"
"VSA-Apollo1","disk.used.latest","0","KB","30.11.25 06:00:00","2025-11-30","06:00"
"VSA-Apollo1","disk.used.latest","0","KB","30.11.25 05:30:00","2025-11-30","05:30"
"VSA-Apollo1","disk.used.latest","0","KB","30.11.25 05:00:00","2025-11-30","05:00"
"VSA-Apollo1","disk.used.latest","0","KB","30.11.25 04:30:00","2025-11-30","04:30"
"VSA-Apollo1","disk.used.latest","0","KB","30.11.25 04:00:00","2025-11-30","04:00"
"VSA-Apollo1","disk.used.latest","0","KB","30.11.25 03:30:00","2025-11-30","03:30"
"VSA-Apollo1","disk.used.latest","0","KB","30.11.25 03:00:00","2025-11-30","03:00"
"VSA-Apollo1","disk.used.latest","0","KB","30.11.25 02:30:00","2025-11-30","02:30"
"VSA-Apollo1","disk.used.latest","0","KB","30.11.25 02:00:00","2025-11-30","02:00"
"VSA-Apollo1","disk.used.latest","0","KB","30.11.25 01:30:00","2025-11-30","01:30"
"VSA-Apollo1","disk.used.latest","0","KB","30.11.25 01:00:00","2025-11-30","01:00"
"VSA-Apollo1","disk.used.latest","0","KB","30.11.25 00:30:00","2025-11-30","00:30"
"VSA-Apollo1","disk.used.latest","0","KB","30.11.25 00:00:00","2025-11-30","00:00"
"VSA-Apollo1","net.usage.average","6","KBps","30.11.25 23:30:00","2025-11-30","23:30"
"VSA-Apollo1","net.usage.average","4111","KBps","30.11.25 23:00:00","2025-11-30","23:00"
"VSA-Apollo1","net.usage.average","72982","KBps","30.11.25 22:30:00","2025-11-30","22:30"
"VSA-Apollo1","net.usage.average","80834","KBps","30.11.25 22:00:00","2025-11-30","22:00"
"VSA-Apollo1","net.usage.average","66299","KBps","30.11.25 21:30:00","2025-11-30","21:30"
"VSA-Apollo1","net.usage.average","63467","KBps","30.11.25 21:00:00","2025-11-30","21:00"
"VSA-Apollo1","net.usage.average","6","KBps","30.11.25 20:30:00","2025-11-30","20:30"
"VSA-Apollo1","net.usage.average","10","KBps","30.11.25 20:00:00","2025-11-30","20:00"
"VSA-Apollo1","net.usage.average","10","KBps","30.11.25 19:30:00","2025-11-30","19:30"
"VSA-Apollo1","net.usage.average","10","KBps","30.11.25 19:00:00","2025-11-30","19:00"
"VSA-Apollo1","net.usage.average","4839","KBps","30.11.25 18:30:00","2025-11-30","18:30"
"VSA-Apollo1","net.usage.average","36579","KBps","30.11.25 18:00:00","2025-11-30","18:00"
"VSA-Apollo1","net.usage.average","35084","KBps","30.11.25 17:30:00","2025-11-30","17:30"
"VSA-Apollo1","net.usage.average","37417","KBps","30.11.25 17:00:00","2025-11-30","17:00"
"VSA-Apollo1","net.usage.average","42902","KBps","30.11.25 16:30:00","2025-11-30","16:30"
"VSA-Apollo1","net.usage.average","50855","KBps","30.11.25 16:00:00","2025-11-30","16:00"
"VSA-Apollo1","net.usage.average","59207","KBps","30.11.25 15:30:00","2025-11-30","15:30"
"VSA-Apollo1","net.usage.average","39966","KBps","30.11.25 15:00:00","2025-11-30","15:00"
"VSA-Apollo1","net.usage.average","55289","KBps","30.11.25 14:30:00","2025-11-30","14:30"
"VSA-Apollo1","net.usage.average","72070","KBps","30.11.25 14:00:00","2025-11-30","14:00"
"VSA-Apollo1","net.usage.average","10","KBps","30.11.25 13:30:00","2025-11-30","13:30"
"VSA-Apollo1","net.usage.average","9","KBps","30.11.25 13:00:00","2025-11-30","13:00"
"VSA-Apollo1","net.usage.average","9","KBps","30.11.25 12:30:00","2025-11-30","12:30"
"VSA-Apollo1","net.usage.average","10","KBps","30.11.25 12:00:00","2025-11-30","12:00"
"VSA-Apollo1","net.usage.average","10","KBps","30.11.25 11:30:00","2025-11-30","11:30"
"VSA-Apollo1","net.usage.average","9","KBps","30.11.25 11:00:00","2025-11-30","11:00"
"VSA-Apollo1","net.usage.average","10","KBps","30.11.25 10:30:00","2025-11-30","10:30"
"VSA-Apollo1","net.usage.average","10","KBps","30.11.25 10:00:00","2025-11-30","10:00"
"VSA-Apollo1","net.usage.average","10","KBps","30.11.25 09:30:00","2025-11-30","09:30"
"VSA-Apollo1","net.usage.average","10","KBps","30.11.25 09:00:00","2025-11-30","09:00"
"VSA-Apollo1","net.usage.average","10","KBps","30.11.25 08:30:00","2025-11-30","08:30"
"VSA-Apollo1","net.usage.average","10","KBps","30.11.25 08:00:00","2025-11-30","08:00"
"VSA-Apollo1","net.usage.average","10","KBps","30.11.25 07:30:00","2025-11-30","07:30"
"VSA-Apollo1","net.usage.average","431","KBps","30.11.25 07:00:00","2025-11-30","07:00"
"VSA-Apollo1","net.usage.average","347","KBps","30.11.25 06:30:00","2025-11-30","06:30"
"VSA-Apollo1","net.usage.average","529","KBps","30.11.25 06:00:00","2025-11-30","06:00"
"VSA-Apollo1","net.usage.average","10","KBps","30.11.25 05:30:00","2025-11-30","05:30"
"VSA-Apollo1","net.usage.average","1928","KBps","30.11.25 05:00:00","2025-11-30","05:00"
"VSA-Apollo1","net.usage.average","1975","KBps","30.11.25 04:30:00","2025-11-30","04:30"
"VSA-Apollo1","net.usage.average","4581","KBps","30.11.25 04:00:00","2025-11-30","04:00"
"VSA-Apollo1","net.usage.average","39704","KBps","30.11.25 03:30:00","2025-11-30","03:30"
"VSA-Apollo1","net.usage.average","30455","KBps","30.11.25 03:00:00","2025-11-30","03:00"
"VSA-Apollo1","net.usage.average","10","KBps","30.11.25 02:30:00","2025-11-30","02:30"
"VSA-Apollo1","net.usage.average","10","KBps","30.11.25 02:00:00","2025-11-30","02:00"
"VSA-Apollo1","net.usage.average","10","KBps","30.11.25 01:30:00","2025-11-30","01:30"
"VSA-Apollo1","net.usage.average","9","KBps","30.11.25 01:00:00","2025-11-30","01:00"
"VSA-Apollo1","net.usage.average","10","KBps","30.11.25 00:30:00","2025-11-30","00:30"
"VSA-Apollo1","net.usage.average","10","KBps","30.11.25 00:00:00","2025-11-30","00:00"
"VSA-Apollo1","sys.uptime.latest","9173457","second","30.11.25 23:30:00","2025-11-30","23:30"
"VSA-Apollo1","sys.uptime.latest","9171657","second","30.11.25 23:00:00","2025-11-30","23:00"
"VSA-Apollo1","sys.uptime.latest","9169857","second","30.11.25 22:30:00","2025-11-30","22:30"
"VSA-Apollo1","sys.uptime.latest","9168057","second","30.11.25 22:00:00","2025-11-30","22:00"
"VSA-Apollo1","sys.uptime.latest","9166257","second","30.11.25 21:30:00","2025-11-30","21:30"
"VSA-Apollo1","sys.uptime.latest","9164457","second","30.11.25 21:00:00","2025-11-30","21:00"
"VSA-Apollo1","sys.uptime.latest","9162657","second","30.11.25 20:30:00","2025-11-30","20:30"
"VSA-Apollo1","sys.uptime.latest","9160857","second","30.11.25 20:00:00","2025-11-30","20:00"
"VSA-Apollo1","sys.uptime.latest","9159057","second","30.11.25 19:30:00","2025-11-30","19:30"
"VSA-Apollo1","sys.uptime.latest","9157257","second","30.11.25 19:00:00","2025-11-30","19:00"
"VSA-Apollo1","sys.uptime.latest","9155458","second","30.11.25 18:30:00","2025-11-30","18:30"
"VSA-Apollo1","sys.uptime.latest","9153658","second","30.11.25 18:00:00","2025-11-30","18:00"
"VSA-Apollo1","sys.uptime.latest","9151858","second","30.11.25 17:30:00","2025-11-30","17:30"
"VSA-Apollo1","sys.uptime.latest","9150038","second","30.11.25 17:00:00","2025-11-30","17:00"
"VSA-Apollo1","sys.uptime.latest","9148238","second","30.11.25 16:30:00","2025-11-30","16:30"
"VSA-Apollo1","sys.uptime.latest","9146438","second","30.11.25 16:00:00","2025-11-30","16:00"
"VSA-Apollo1","sys.uptime.latest","9144638","second","30.11.25 15:30:00","2025-11-30","15:30"
"VSA-Apollo1","sys.uptime.latest","9142838","second","30.11.25 15:00:00","2025-11-30","15:00"
"VSA-Apollo1","sys.uptime.latest","9141038","second","30.11.25 14:30:00","2025-11-30","14:30"
"VSA-Apollo1","sys.uptime.latest","9139238","second","30.11.25 14:00:00","2025-11-30","14:00"
"VSA-Apollo1","sys.uptime.latest","9137438","second","30.11.25 13:30:00","2025-11-30","13:30"
"VSA-Apollo1","sys.uptime.latest","9135638","second","30.11.25 13:00:00","2025-11-30","13:00"
"VSA-Apollo1","sys.uptime.latest","9133858","second","30.11.25 12:30:00","2025-11-30","12:30"
"VSA-Apollo1","sys.uptime.latest","9132058","second","30.11.25 12:00:00","2025-11-30","12:00"
"VSA-Apollo1","sys.uptime.latest","9130258","second","30.11.25 11:30:00","2025-11-30","11:30"
"VSA-Apollo1","sys.uptime.latest","9128458","second","30.11.25 11:00:00","2025-11-30","11:00"
"VSA-Apollo1","sys.uptime.latest","9126658","second","30.11.25 10:30:00","2025-11-30","10:30"
"VSA-Apollo1","sys.uptime.latest","9124858","second","30.11.25 10:00:00","2025-11-30","10:00"
"VSA-Apollo1","sys.uptime.latest","9123058","second","30.11.25 09:30:00","2025-11-30","09:30"
"VSA-Apollo1","sys.uptime.latest","9121258","second","30.11.25 09:00:00","2025-11-30","09:00"
"VSA-Apollo1","sys.uptime.latest","9119458","second","30.11.25 08:30:00","2025-11-30","08:30"
"VSA-Apollo1","sys.uptime.latest","9117658","second","30.11.25 08:00:00","2025-11-30","08:00"
"VSA-Apollo1","sys.uptime.latest","9115858","second","30.11.25 07:30:00","2025-11-30","07:30"
"VSA-Apollo1","sys.uptime.latest","9114058","second","30.11.25 07:00:00","2025-11-30","07:00"
"VSA-Apollo1","sys.uptime.latest","9112258","second","30.11.25 06:30:00","2025-11-30","06:30"
"VSA-Apollo1","sys.uptime.latest","9110458","second","30.11.25 06:00:00","2025-11-30","06:00"
"VSA-Apollo1","sys.uptime.latest","9108658","second","30.11.25 05:30:00","2025-11-30","05:30"
"VSA-Apollo1","sys.uptime.latest","9106858","second","30.11.25 05:00:00","2025-11-30","05:00"
"VSA-Apollo1","sys.uptime.latest","9105058","second","30.11.25 04:30:00","2025-11-30","04:30"
"VSA-Apollo1","sys.uptime.latest","9103258","second","30.11.25 04:00:00","2025-11-30","04:00"
"VSA-Apollo1","sys.uptime.latest","9101458","second","30.11.25 03:30:00","2025-11-30","03:30"
"VSA-Apollo1","sys.uptime.latest","9099658","second","30.11.25 03:00:00","2025-11-30","03:00"
"VSA-Apollo1","sys.uptime.latest","9097838","second","30.11.25 02:30:00","2025-11-30","02:30"
"VSA-Apollo1","sys.uptime.latest","9096038","second","30.11.25 02:00:00","2025-11-30","02:00"
"VSA-Apollo1","sys.uptime.latest","9094238","second","30.11.25 01:30:00","2025-11-30","01:30"
"VSA-Apollo1","sys.uptime.latest","9092438","second","30.11.25 01:00:00","2025-11-30","01:00"
"VSA-Apollo1","sys.uptime.latest","9090658","second","30.11.25 00:30:00","2025-11-30","00:30"
"VSA-Apollo1","sys.uptime.latest","9088838","second","30.11.25 00:00:00","2025-11-30","00:00"
